-179.05,-58.63
-178.95,-50.96
-178.85,-50.92
-178.75,-62.4
-178.65,-50.89
-178.55,-50.85
-178.45,-50.51
-178.35,-48.55
-178.25,-56.71
-178.15,-63.88
-178.05,-59.95
-177.95,-56.2
-177.85,-52.85
-177.75,-56.76
-177.65,-47.53
-177.55,-55.74
-177.45,-53.28
-177.35,-53.75
-177.25,-53.25
-177.15,-57.37
-177.05,-50.74
-176.95,-48.6
-176.85,-47.29
-176.75,-46.69
-176.65,-45.2
-176.55,-45.06
-176.45,-49.79
-176.35,-50.79
-176.25,-56.29
-176.15,-51.55
-176.05,-46.3
-175.95,-51.53
-175.85,-56.8
-175.75,-51.1
-175.65,-54.7
-175.55,-48.56
-175.45,-71.96
-175.35,-49.66
-175.25,-55.56
-175.15,-49.31
-175.05,-49.04
-174.95,-54.76
-174.85,-50.38
-174.75,-49.18
-174.65,-52.63
-174.55,-48.61
-174.45,-45.97
-174.35,-56.35
-174.25,-54.39
-174.15,-47.02
-174.05,-48.04
-173.95,-58.4
-173.85,-65.73
-173.75,-57.5
-173.65,-54.11
-173.55,-48.26
-173.45,-47.13
-173.35,-51.15
-173.25,-43.55
-173.15,-45.4
-173.05,-45.77
-172.95,-41.85
-172.85,-39.17
-172.75,-38.72
-172.65,-39.73
-172.55,-38.11
-172.45,-39
-172.35,-37
-172.25,-40.15
-172.15,-39.25
-172.05,-40.64
-171.95,-39.52
-171.85,-39.23
-171.75,-41.82
-171.65,-40.59
-171.55,-39.99
-171.45,-44.75
-171.35,-44.17
-171.25,-44.56
-171.15,-48.95
-171.05,-49.36
-170.95,-46.23
-170.85,-50.54
-170.75,-57.12
-170.65,-45.39
-170.55,-56.23
-170.45,-51.46
-170.35,-50.15
-170.25,-47.55
-170.15,-52.59
-170.05,-47.09
-169.95,-54.16
-169.85,-47.94
-169.75,-49.22
-169.65,-48.08
-169.55,-51.16
-169.45,-65.09
-169.35,-57.54
-169.25,-52.28
-169.15,-59.92
-169.05,-51.45
-168.95,-52.6
-168.85,-48.07
-168.75,-49.61
-168.65,-57.29
-168.55,-48.96
-168.45,-50.27
-168.35,-62.51
-168.25,-53.38
-168.15,-51.19
-168.05,-66.28
-167.95,-52.16
-167.85,-57.59
-167.75,-53.77
-167.65,-49.79
-167.55,-58.74
-167.45,-57.07
-167.35,-50.49
-167.25,-63.87
-167.15,-79.64
-167.05,-51.9
-166.95,-50.09
-166.85,-59.61
-166.75,-47.94
-166.65,-55.03
-166.55,-65.01
-166.45,-54.82
-166.35,-72.41
-166.25,-54.56
-166.15,-64.48
-166.05,-58.59
-165.95,-50.34
-165.85,-62.19
-165.75,-59.85
-165.65,-53.8
-165.55,-48.61
-165.45,-56.7
-165.35,-52.49
-165.25,-52.65
-165.15,-60.58
-165.05,-53.95
-164.95,-60.34
-164.85,-52.27
-164.75,-68.01
-164.65,-55.15
-164.55,-50.77
-164.45,-57.33
-164.35,-56.27
-164.25,-58.25
-164.15,-52.85
-164.05,-64.13
-163.95,-63.48
-163.85,-49.78
-163.75,-51.11
-163.65,-50.17
-163.55,-51.69
-163.45,-45.48
-163.35,-46.63
-163.25,-47.52
-163.15,-48.45
-163.05,-52.99
-162.95,-54.69
-162.85,-61.08
-162.75,-44.68
-162.65,-48.06
-162.55,-48.39
-162.45,-51.05
-162.35,-49.29
-162.25,-48.97
-162.15,-56.59
-162.05,-46.83
-161.95,-53.47
-161.85,-49.12
-161.75,-53.12
-161.65,-45.61
-161.55,-44.47
-161.45,-45.93
-161.35,-50.48
-161.25,-49.49
-161.15,-51.01
-161.05,-46.29
-160.95,-48.37
-160.85,-50.18
-160.75,-50.53
-160.65,-51.03
-160.55,-55.48
-160.45,-48.7
-160.35,-50.2
-160.25,-59.09
-160.15,-56.54
-160.05,-54.81
-159.95,-50.29
-159.85,-61.81
-159.75,-57.95
-159.65,-51.86
-159.55,-58.54
-159.45,-53.23
-159.35,-51.4
-159.25,-51.49
-159.15,-52.31
-159.05,-64.28
-158.95,-52.16
-158.85,-51.31
-158.75,-57.79
-158.65,-52.03
-158.55,-57.91
-158.45,-55.42
-158.35,-51.43
-158.25,-52.24
-158.15,-53.38
-158.05,-48.62
-157.95,-51.03
-157.85,-50.64
-157.75,-50.17
-157.65,-46.52
-157.55,-55.69
-157.45,-57.43
-157.35,-55.45
-157.25,-60.9
-157.15,-52.92
-157.05,-60.38
-156.95,-50.8
-156.85,-49.09
-156.75,-46.13
-156.65,-50.12
-156.55,-48.24
-156.45,-50.3
-156.35,-60.5
-156.25,-47.85
-156.15,-53.93
-156.05,-52.01
-155.95,-66.08
-155.85,-63.31
-155.75,-51.57
-155.65,-54.12
-155.55,-52.81
-155.45,-54.12
-155.35,-53.9
-155.25,-55.8
-155.15,-61.94
-155.05,-52.28
-154.95,-59.87
-154.85,-56.93
-154.75,-74.6
-154.65,-74.74
-154.55,-55.33
-154.45,-56.52
-154.35,-61.62
-154.25,-53.14
-154.15,-52.95
-154.05,-57.38
-153.95,-61.01
-153.85,-51.23
-153.75,-56.65
-153.65,-59.71
-153.55,-54.74
-153.45,-47.64
-153.35,-55.29
-153.25,-48.48
-153.15,-57.9
-153.05,-56.6
-152.95,-55.37
-152.85,-46.79
-152.75,-52.29
-152.65,-52.67
-152.55,-50.66
-152.45,-45.58
-152.35,-49.44
-152.25,-49.21
-152.15,-59.91
-152.05,-53.16
-151.95,-55.53
-151.85,-59.1
-151.75,-59.01
-151.65,-56.43
-151.55,-46.91
-151.45,-60.3
-151.35,-52.41
-151.25,-58.33
-151.15,-51.72
-151.05,-51.2
-150.95,-50.91
-150.85,-50.22
-150.75,-56.56
-150.65,-57.77
-150.55,-52.13
-150.45,-51.95
-150.35,-57.23
-150.25,-55.14
-150.15,-49.05
-150.05,-61.97
-149.95,-57.71
-149.85,-53.5
-149.75,-53.71
-149.65,-53.74
-149.55,-66.16
-149.45,-51.89
-149.35,-60.14
-149.25,-70.56
-149.15,-58.02
-149.05,-57.65
-148.95,-49.08
-148.85,-47.48
-148.75,-54.05
-148.65,-52.54
-148.55,-55.87
-148.45,-50.05
-148.35,-46.39
-148.25,-48.12
-148.15,-48.07
-148.05,-49.91
-147.95,-48.24
-147.85,-49.21
-147.75,-46.68
-147.65,-47.33
-147.55,-50.04
-147.45,-45.49
-147.35,-45.92
-147.25,-49.81
-147.15,-49.3
-147.05,-49.11
-146.95,-49.6
-146.85,-47.56
-146.75,-46.67
-146.65,-48.34
-146.55,-51.13
-146.45,-50.66
-146.35,-53.29
-146.25,-51.49
-146.15,-47.82
-146.05,-49.82
-145.95,-48.51
-145.85,-49.71
-145.75,-50.16
-145.65,-53.88
-145.55,-48.38
-145.45,-48.26
-145.35,-52.79
-145.25,-70.24
-145.15,-50.63
-145.05,-62.18
-144.95,-54.36
-144.85,-54.52
-144.75,-48.78
-144.65,-56.07
-144.55,-55.21
-144.45,-56.14
-144.35,-52.05
-144.25,-52.26
-144.15,-50.69
-144.05,-51.44
-143.95,-57.09
-143.85,-54.94
-143.75,-45.71
-143.65,-52.67
-143.55,-52.78
-143.45,-50.38
-143.35,-53.82
-143.25,-55.51
-143.15,-47.03
-143.05,-56.21
-142.95,-49.08
-142.85,-63.03
-142.75,-48.74
-142.65,-57.44
-142.55,-47.51
-142.45,-50.48
-142.35,-50.14
-142.25,-59.62
-142.15,-49.99
-142.05,-69.81
-141.95,-62.48
-141.85,-56.19
-141.75,-47.54
-141.65,-51.87
-141.55,-55.51
-141.45,-53.91
-141.35,-50.69
-141.25,-61.26
-141.15,-55.67
-141.05,-48.04
-140.95,-48.51
-140.85,-45.2
-140.75,-55.02
-140.65,-45.62
-140.55,-43.15
-140.45,-41.8
-140.35,-44.97
-140.25,-45.42
-140.15,-45.04
-140.05,-44.19
-139.95,-51.49
-139.85,-52.67
-139.75,-46.48
-139.65,-46.15
-139.55,-49.88
-139.45,-51.86
-139.35,-47.68
-139.25,-52.27
-139.15,-55.21
-139.05,-56.86
-138.95,-52.53
-138.85,-59.45
-138.75,-50.64
-138.65,-59.62
-138.55,-53.21
-138.45,-52.77
-138.35,-47.95
-138.25,-52.45
-138.15,-51.21
-138.05,-52.3
-137.95,-49.2
-137.85,-54.15
-137.75,-49.51
-137.65,-56.75
-137.55,-54.33
-137.45,-50.38
-137.35,-58.98
-137.25,-49.44
-137.15,-54.03
-137.05,-45.35
-136.95,-67.48
-136.85,-57.02
-136.75,-55.33
-136.65,-52.02
-136.55,-48.56
-136.45,-56.08
-136.35,-53.89
-136.25,-54.07
-136.15,-65.75
-136.05,-55.78
-135.95,-52.19
-135.85,-51.92
-135.75,-52.12
-135.65,-51.22
-135.55,-53.2
-135.45,-53.94
-135.35,-51.23
-135.25,-49.8
-135.15,-47.95
-135.05,-53.97
-134.95,-49.87
-134.85,-54.15
-134.75,-46.92
-134.65,-45.83
-134.55,-58.33
-134.45,-56.01
-134.35,-49.58
-134.25,-49.05
-134.15,-57.78
-134.05,-64.9
-133.95,-64.9
-133.85,-64.9
-133.75,-53.56
-133.65,-56.9
-133.55,-52.64
-133.45,-51.5
-133.35,-54.1
-133.25,-61.43
-133.15,-52.1
-133.05,-57.78
-132.95,-50.88
-132.85,-53.62
-132.75,-59.4
-132.65,-51.71
-132.55,-61.49
-132.45,-51.52
-132.35,-54.54
-132.25,-53.65
-132.15,-65.2
-132.05,-51.27
-131.95,-55.65
-131.85,-55.72
-131.75,-52.72
-131.65,-55.31
-131.55,-60.53
-131.45,-54.78
-131.35,-56.64
-131.25,-61.36
-131.15,-51.52
-131.05,-54.49
-130.95,-66.76
-130.85,-72.76
-130.75,-55.16
-130.65,-61.12
-130.55,-49.85
-130.45,-48.99
-130.35,-58.51
-130.25,-62.47
-130.15,-67.21
-130.05,-73.38
-129.95,-58.34
-129.85,-54.01
-129.75,-50.58
-129.65,-53.18
-129.55,-50.48
-129.45,-52.38
-129.35,-53.74
-129.25,-51.22
-129.15,-48.05
-129.05,-56.16
-128.95,-45.6
-128.85,-49.65
-128.75,-46.99
-128.65,-49.41
-128.55,-49.21
-128.45,-62.65
-128.35,-54.24
-128.25,-54.37
-128.15,-54.8
-128.05,-46.87
-127.95,-48.73
-127.85,-51.39
-127.75,-52.26
-127.65,-51.88
-127.55,-54.65
-127.45,-57.94
-127.35,-48.57
-127.25,-53.11
-127.15,-49.63
-127.05,-61.35
-126.95,-49.47
-126.85,-49.76
-126.75,-47.24
-126.65,-54.92
-126.55,-46.93
-126.45,-57.77
-126.35,-53.42
-126.25,-56.73
-126.15,-55.73
-126.05,-52.87
-125.95,-49.92
-125.85,-49.03
-125.75,-55.38
-125.65,-53.14
-125.55,-53.33
-125.45,-61.66
-125.35,-53.3
-125.25,-52.08
-125.15,-54.78
-125.05,-55.37
-124.95,-52.22
-124.85,-52.42
-124.75,-62.37
-124.65,-50.13
-124.55,-51.74
-124.45,-54.15
-124.35,-55.34
-124.25,-50.43
-124.15,-54.45
-124.05,-60.93
-123.95,-55.41
-123.85,-54.81
-123.75,-52.04
-123.65,-51.2
-123.55,-67.31
-123.45,-50.61
-123.35,-60.25
-123.25,-58.36
-123.15,-53.88
-123.05,-49.27
-122.95,-48.96
-122.85,-51.21
-122.75,-52.85
-122.65,-46.31
-122.55,-47
-122.45,-47.28
-122.35,-54.69
-122.25,-50.72
-122.15,-50.55
-122.05,-58.68
-121.95,-49.34
-121.85,-53.35
-121.75,-52.5
-121.65,-64.32
-121.55,-48.34
-121.45,-48.9
-121.35,-44.79
-121.25,-50.3
-121.15,-62.55
-121.05,-57.87
-120.95,-52.77
-120.85,-57.43
-120.75,-49.12
-120.65,-60.17
-120.55,-50.07
-120.45,-48.84
-120.35,-55.43
-120.25,-51.77
-120.15,-51.82
-120.05,-47.1
-119.95,-50.57
-119.85,-53.05
-119.75,-46.27
-119.65,-56.13
-119.55,-50.94
-119.45,-56.7
-119.35,-50.6
-119.25,-45.37
-119.15,-45.21
-119.05,-49.23
-118.95,-48.73
-118.85,-49.71
-118.75,-46.57
-118.65,-45.18
-118.55,-46.11
-118.45,-43.46
-118.35,-46.34
-118.25,-43.46
-118.15,-43.93
-118.05,-42.23
-117.95,-43.14
-117.85,-44.75
-117.75,-47.67
-117.65,-46.25
-117.55,-45.42
-117.45,-44.54
-117.35,-44.24
-117.25,-51.75
-117.15,-44.67
-117.05,-42.24
-116.95,-47.29
-116.85,-44.72
-116.75,-50.22
-116.65,-56.15
-116.55,-49.62
-116.45,-57.23
-116.35,-52.93
-116.25,-47.44
-116.15,-55.75
-116.05,-55.3
-115.95,-52.41
-115.85,-43.55
-115.75,-52.41
-115.65,-45.88
-115.55,-44.61
-115.45,-44.26
-115.35,-47.4
-115.25,-48.49
-115.15,-49.58
-115.05,-50.95
-114.95,-47.33
-114.85,-46.58
-114.75,-44.02
-114.65,-44.73
-114.55,-44.2
-114.45,-45.84
-114.35,-44.46
-114.25,-42.98
-114.15,-42.74
-114.05,-44.91
-113.95,-42.8
-113.85,-41.24
-113.75,-40.96
-113.65,-42.46
-113.55,-39.89
-113.45,-42.28
-113.35,-40.72
-113.25,-42.74
-113.15,-48.51
-113.05,-44.18
-112.95,-45.63
-112.85,-45.72
-112.75,-42.89
-112.65,-46.22
-112.55,-45.84
-112.45,-47.82
-112.35,-46.92
-112.25,-46.03
-112.15,-46.74
-112.05,-43.74
-111.95,-42.76
-111.85,-41.52
-111.75,-40.96
-111.65,-43.3
-111.55,-42.47
-111.45,-45.03
-111.35,-41.79
-111.25,-40.68
-111.15,-43.9
-111.05,-43.64
-110.95,-41.6
-110.85,-40.84
-110.75,-41.93
-110.65,-42.4
-110.55,-43.1
-110.45,-41.01
-110.35,-41.26
-110.25,-45.16
-110.15,-42.81
-110.05,-45.38
-109.95,-48.64
-109.85,-44.27
-109.75,-46.34
-109.65,-43.92
-109.55,-49.68
-109.45,-46.44
-109.35,-45.47
-109.25,-45.97
-109.15,-44.66
-109.05,-50.87
-108.95,-44.04
-108.85,-55.54
-108.75,-44.14
-108.65,-43.78
-108.55,-43.14
-108.45,-42.35
-108.35,-43.13
-108.25,-43.88
-108.15,-47.09
-108.05,-46.26
-107.95,-48.8
-107.85,-45.27
-107.75,-50.46
-107.65,-41.19
-107.55,-44.36
-107.45,-41.61
-107.35,-41.43
-107.25,-40.75
-107.15,-42.21
-107.05,-46.91
-106.95,-44.59
-106.85,-42.5
-106.75,-41.63
-106.65,-40.32
-106.55,-40.29
-106.45,-41.09
-106.35,-46.96
-106.25,-42.85
-106.15,-42.9
-106.05,-44.69
-105.95,-41.85
-105.85,-40.44
-105.75,-41.42
-105.65,-43.27
-105.55,-39.29
-105.45,-40.1
-105.35,-41.93
-105.25,-40.55
-105.15,-39.77
-105.05,-39.94
-104.95,-41
-104.85,-40.54
-104.75,-42.07
-104.65,-39.59
-104.55,-37.94
-104.45,-38.99
-104.35,-40.72
-104.25,-40.95
-104.15,-38.32
-104.05,-40.58
-103.95,-38.33
-103.85,-38.71
-103.75,-39.08
-103.65,-38.62
-103.55,-38.13
-103.45,-38.39
-103.35,-40.18
-103.25,-37.21
-103.15,-37.86
-103.05,-37.23
-102.95,-38.66
-102.85,-37.59
-102.75,-37.98
-102.65,-37.19
-102.55,-38.2
-102.45,-38.09
-102.35,-38.18
-102.25,-39.42
-102.15,-37.95
-102.05,-36.21
-101.95,-38.25
-101.85,-36.59
-101.75,-37.75
-101.65,-38.22
-101.55,-38.13
-101.45,-38.77
-101.35,-38.22
-101.25,-37.44
-101.15,-37.44
-101.05,-36.04
-100.95,-36.25
-100.85,-36.98
-100.75,-36.35
-100.65,-36.46
-100.55,-36.57
-100.45,-35.99
-100.35,-37.43
-100.25,-37.47
-100.15,-37.76
-100.05,-36.94
-99.95,-37.35
-99.85,-38.33
-99.75,-37.58
-99.65,-36.29
-99.55,-36.64
-99.45,-37.07
-99.35,-38.04
-99.25,-38.58
-99.15,-37.09
-99.05,-36.51
-98.95,-37.04
-98.85,-38.08
-98.75,-35.59
-98.65,-35.71
-98.55,-36.53
-98.45,-35.11
-98.35,-34.98
-98.25,-35.5
-98.15,-36.88
-98.05,-36.25
-97.95,-35.37
-97.85,-35.77
-97.75,-35.35
-97.65,-35
-97.55,-35.6
-97.45,-36.66
-97.35,-35.65
-97.25,-35.5
-97.15,-36.16
-97.05,-35.88
-96.95,-37.22
-96.85,-37.26
-96.75,-34.77
-96.65,-34.3
-96.55,-35.2
-96.45,-35.35
-96.35,-35.5
-96.25,-34.86
-96.15,-36.67
-96.05,-36.74
-95.95,-35.61
-95.85,-35.1
-95.75,-35.09
-95.65,-35.8
-95.55,-35.72
-95.45,-36.33
-95.35,-35.65
-95.25,-36.07
-95.15,-35.24
-95.05,-35.97
-94.95,-36.36
-94.85,-36.5
-94.75,-34.99
-94.65,-35.21
-94.55,-34.85
-94.45,-34.59
-94.35,-36.05
-94.25,-36.28
-94.15,-35.11
-94.05,-35.43
-93.95,-35.41
-93.85,-35.15
-93.75,-34.89
-93.65,-35.93
-93.55,-35.58
-93.45,-35
-93.35,-34.68
-93.25,-37.19
-93.15,-36.09
-93.05,-36.1
-92.95,-36.28
-92.85,-35.99
-92.75,-35.97
-92.65,-35.22
-92.55,-36.86
-92.45,-39.97
-92.35,-39.11
-92.25,-38.35
-92.15,-39.12
-92.05,-40
-91.95,-38.92
-91.85,-40.38
-91.75,-40.73
-91.65,-40.42
-91.55,-40.58
-91.45,-41.96
-91.35,-40.06
-91.25,-38.81
-91.15,-44.16
-91.05,-43.14
-90.95,-42.7
-90.85,-41.03
-90.75,-42.01
-90.65,-42.67
-90.55,-38.11
-90.45,-39.27
-90.35,-38.82
-90.25,-40.62
-90.15,-40.92
-90.05,-39.41
-89.95,-39.73
-89.85,-39.46
-89.75,-37.55
-89.65,-40.19
-89.55,-39.75
-89.45,-41.15
-89.35,-42.83
-89.25,-42.94
-89.15,-42.59
-89.05,-41.99
-88.95,-39.62
-88.85,-39.58
-88.75,-41.1
-88.65,-39.91
-88.55,-41.58
-88.45,-38.28
-88.35,-38.6
-88.25,-38.67
-88.15,-37.84
-88.05,-39.31
-87.95,-39.52
-87.85,-38.09
-87.75,-39.69
-87.65,-39.79
-87.55,-38.11
-87.45,-38.88
-87.35,-39.32
-87.25,-38.53
-87.15,-39.83
-87.05,-40.3
-86.95,-38.52
-86.85,-39.7
-86.75,-38.21
-86.65,-38.28
-86.55,-37.46
-86.45,-38.97
-86.35,-39.65
-86.25,-40.55
-86.15,-43.02
-86.05,-38.23
-85.95,-37.35
-85.85,-39.44
-85.75,-38.92
-85.65,-38.38
-85.55,-38.13
-85.45,-39.32
-85.35,-38.59
-85.25,-39
-85.15,-40.59
-85.05,-37.57
-84.95,-40.76
-84.85,-42.04
-84.75,-42.41
-84.65,-41.73
-84.55,-39.16
-84.45,-40.29
-84.35,-39.5
-84.25,-40.82
-84.15,-39.82
-84.05,-40.5
-83.95,-41.6
-83.85,-40.13
-83.75,-41.26
-83.65,-42.73
-83.55,-40.86
-83.45,-38.36
-83.35,-39.78
-83.25,-38.98
-83.15,-42.79
-83.05,-39.61
-82.95,-40.05
-82.85,-39.78
-82.75,-39.06
-82.65,-36.57
-82.55,-40.01
-82.45,-40.75
-82.35,-42.02
-82.25,-43.51
-82.15,-42.38
-82.05,-42.25
-81.95,-40.57
-81.85,-38.45
-81.75,-39.66
-81.65,-43.13
-81.55,-41.65
-81.45,-43.85
-81.35,-42.81
-81.25,-43.82
-81.15,-39.98
-81.05,-41.02
-80.95,-39.7
-80.85,-39.41
-80.75,-41.27
-80.65,-41.94
-80.55,-40.59
-80.45,-41.86
-80.35,-41.39
-80.25,-41.73
-80.15,-39.83
-80.05,-40.51
-79.95,-40.29
-79.85,-39.71
-79.75,-41.72
-79.65,-40.93
-79.55,-40.33
-79.45,-44.55
-79.35,-42.88
-79.25,-43.36
-79.15,-40.95
-79.05,-43.29
-78.95,-41.57
-78.85,-41.23
-78.75,-42.74
-78.65,-43.06
-78.55,-45.78
-78.45,-42.29
-78.35,-41.43
-78.25,-42.87
-78.15,-39.36
-78.05,-40.19
-77.95,-38.42
-77.85,-38.14
-77.75,-39.94
-77.65,-39.86
-77.55,-38.63
-77.45,-39.88
-77.35,-41.61
-77.25,-42.03
-77.15,-40.97
-77.05,-41.12
-76.95,-40.06
-76.85,-40.73
-76.75,-41.25
-76.65,-43.68
-76.55,-42.17
-76.45,-43.37
-76.35,-48.49
-76.25,-42.42
-76.15,-42.67
-76.05,-42.7
-75.95,-43.37
-75.85,-40.38
-75.75,-39.77
-75.65,-40.41
-75.55,-39.92
-75.45,-44.22
-75.35,-40.85
-75.25,-43.85
-75.15,-41.73
-75.05,-43.44
-74.95,-41.91
-74.85,-45.42
-74.75,-44.29
-74.65,-45.16
-74.55,-49.46
-74.45,-44.27
-74.35,-46.29
-74.25,-45.82
-74.15,-43.78
-74.05,-44.36
-73.95,-50
-73.85,-46.79
-73.75,-50.71
-73.65,-44.38
-73.55,-44.11
-73.45,-44.44
-73.35,-45.73
-73.25,-42.26
-73.15,-47.55
-73.05,-45.58
-72.95,-43.08
-72.85,-46.27
-72.75,-46.43
-72.65,-42.25
-72.55,-40.95
-72.45,-41.04
-72.35,-42.05
-72.25,-42.46
-72.15,-42.23
-72.05,-42.91
-71.95,-44.55
-71.85,-42.91
-71.75,-49.01
-71.65,-43.68
-71.55,-60.84
-71.45,-46.14
-71.35,-42.94
-71.25,-46.08
-71.15,-44.54
-71.05,-46.62
-70.95,-50.64
-70.85,-45.66
-70.75,-52.42
-70.65,-47.14
-70.55,-49.68
-70.45,-45.05
-70.35,-46.7
-70.25,-49.54
-70.15,-49.98
-70.05,-45.92
-69.95,-46.86
-69.85,-43.89
-69.75,-44.97
-69.65,-47.34
-69.55,-50.89
-69.45,-45.19
-69.35,-49.05
-69.25,-49.46
-69.15,-53.25
-69.05,-49.04
-68.95,-45.55
-68.85,-46.87
-68.75,-42.67
-68.65,-44.31
-68.55,-44.43
-68.45,-43.74
-68.35,-44.66
-68.25,-50.61
-68.15,-44.47
-68.05,-53.89
-67.95,-45.83
-67.85,-48.34
-67.75,-43.61
-67.65,-44.25
-67.55,-45.61
-67.45,-45.75
-67.35,-45.95
-67.25,-48.53
-67.15,-43.71
-67.05,-58.87
-66.95,-47.27
-66.85,-53.36
-66.75,-47.29
-66.65,-51.37
-66.55,-46.63
-66.45,-45.71
-66.35,-50.03
-66.25,-49.66
-66.15,-44.34
-66.05,-46.65
-65.95,-47.23
-65.85,-45.1
-65.75,-41.43
-65.65,-42.31
-65.55,-42.65
-65.45,-42.12
-65.35,-41.03
-65.25,-41.62
-65.15,-45.67
-65.05,-43.31
-64.95,-43.04
-64.85,-48.27
-64.75,-51.79
-64.65,-47.4
-64.55,-53.89
-64.45,-50.12
-64.35,-45.09
-64.25,-49.55
-64.15,-46.79
-64.05,-50.45
-63.95,-50.49
-63.85,-47.96
-63.75,-52.67
-63.65,-50.02
-63.55,-57.04
-63.45,-49.02
-63.35,-41.97
-63.25,-45.68
-63.15,-43.6
-63.05,-51.85
-62.95,-45.07
-62.85,-46.34
-62.75,-49.87
-62.65,-50.76
-62.55,-46.46
-62.45,-48.31
-62.35,-47.84
-62.25,-57.85
-62.15,-61.23
-62.05,-50.03
-61.95,-50.3
-61.85,-48.41
-61.75,-46.43
-61.65,-46.41
-61.55,-46.56
-61.45,-45.07
-61.35,-46.88
-61.25,-47.03
-61.15,-44.85
-61.05,-45.11
-60.95,-43.73
-60.85,-46.64
-60.75,-45.72
-60.65,-44.68
-60.55,-45.69
-60.45,-46.04
-60.35,-45.51
-60.25,-44.98
-60.15,-47.04
-60.05,-46.65
-59.95,-47.53
-59.85,-44.78
-59.75,-47.26
-59.65,-48.63
-59.55,-44.8
-59.45,-46.25
-59.35,-46.64
-59.25,-46.29
-59.15,-44.68
-59.05,-44.1
-58.95,-49.88
-58.85,-43.55
-58.75,-43.28
-58.65,-46.21
-58.55,-43.57
-58.45,-44.77
-58.35,-51.31
-58.25,-51.98
-58.15,-47.5
-58.05,-44.32
-57.95,-48.4
-57.85,-48.8
-57.75,-51.81
-57.65,-47.43
-57.55,-48.36
-57.45,-51.96
-57.35,-51.54
-57.25,-62.97
-57.15,-56.47
-57.05,-60.97
-56.95,-52.84
-56.85,-50.56
-56.75,-54.56
-56.65,-44.45
-56.55,-50.73
-56.45,-63.27
-56.35,-51.87
-56.25,-51.03
-56.15,-59.69
-56.05,-54.8
-55.95,-53.64
-55.85,-55.34
-55.75,-56.43
-55.65,-46.29
-55.55,-51.53
-55.45,-57.67
-55.35,-51.33
-55.25,-50.98
-55.15,-56.8
-55.05,-53.3
-54.95,-56.28
-54.85,-49.98
-54.75,-54.5
-54.65,-59.07
-54.55,-52.06
-54.45,-49.62
-54.35,-55.29
-54.25,-62.42
-54.15,-57.05
-54.05,-57.75
-53.95,-59.57
-53.85,-53.25
-53.75,-56.65
-53.65,-63.13
-53.55,-64.06
-53.45,-56.77
-53.35,-57.32
-53.25,-51.85
-53.15,-66.16
-53.05,-53.64
-52.95,-52.02
-52.85,-45.13
-52.75,-49.67
-52.65,-51.67
-52.55,-73.89
-52.45,-51.09
-52.35,-51.48
-52.25,-47.77
-52.15,-44.11
-52.05,-54.11
-51.95,-47.52
-51.85,-49.74
-51.75,-43.82
-51.65,-49.81
-51.55,-53.22
-51.45,-45.29
-51.35,-56.06
-51.25,-46.76
-51.15,-45.49
-51.05,-47.53
-50.95,-43.4
-50.85,-49.45
-50.75,-48.66
-50.65,-43.07
-50.55,-46.34
-50.45,-50.14
-50.35,-47.73
-50.25,-47.41
-50.15,-53.09
-50.05,-48.83
-49.95,-50.33
-49.85,-49.56
-49.75,-53.59
-49.65,-47.1
-49.55,-53.36
-49.45,-49.63
-49.35,-54.64
-49.25,-51.48
-49.15,-48.24
-49.05,-51.97
-48.95,-56.36
-48.85,-60.4
-48.75,-53.08
-48.65,-55.32
-48.55,-54.38
-48.45,-49.83
-48.35,-57.03
-48.25,-53.06
-48.15,-50.18
-48.05,-48.05
-47.95,-56.58
-47.85,-50.99
-47.75,-48.19
-47.65,-47.47
-47.55,-53.06
-47.45,-45.51
-47.35,-54.47
-47.25,-52.23
-47.15,-46.78
-47.05,-48.8
-46.95,-49.65
-46.85,-44.72
-46.75,-50.26
-46.65,-53.43
-46.55,-56.54
-46.45,-59.71
-46.35,-59.51
-46.25,-59.61
-46.15,-49.87
-46.05,-49.18
-45.95,-64.25
-45.85,-48.65
-45.75,-50.1
-45.65,-49.1
-45.55,-45.75
-45.45,-46.28
-45.35,-50.58
-45.25,-43.04
-45.15,-46.1
-45.05,-48.52
-44.95,-47.34
-44.85,-44.89
-44.75,-46.66
-44.65,-45.56
-44.55,-43.71
-44.45,-49.61
-44.35,-47.72
-44.25,-47.45
-44.15,-45.37
-44.05,-57.14
-43.95,-46.2
-43.85,-50.87
-43.75,-46.31
-43.65,-53.83
-43.55,-62.4
-43.45,-63.56
-43.35,-47.38
-43.25,-47.7
-43.15,-45.11
-43.05,-46.45
-42.95,-42.52
-42.85,-41.91
-42.75,-41.91
-42.65,-42.9
-42.55,-45.41
-42.45,-43.64
-42.35,-46.58
-42.25,-45.79
-42.15,-46.84
-42.05,-45.06
-41.95,-46.9
-41.85,-49.15
-41.75,-53.64
-41.65,-61.92
-41.55,-57.66
-41.45,-54.07
-41.35,-46.12
-41.25,-46.11
-41.15,-49.57
-41.05,-45.76
-40.95,-48.32
-40.85,-44.32
-40.75,-44.06
-40.65,-42.44
-40.55,-42.52
-40.45,-43.5
-40.35,-41.29
-40.25,-43.95
-40.15,-44.94
-40.05,-46.23
-39.95,-62.8
-39.85,-51.6
-39.75,-61.6
-39.65,-57.94
-39.55,-49.48
-39.45,-49.6
-39.35,-47.06
-39.25,-44.35
-39.15,-42.11
-39.05,-45.73
-38.95,-41.79
-38.85,-44.83
-38.75,-43.65
-38.65,-43.55
-38.55,-40.35
-38.45,-38.82
-38.35,-38.18
-38.25,-38.43
-38.15,-40.23
-38.05,-39.72
-37.95,-39.93
-37.85,-38.57
-37.75,-40.1
-37.65,-38.4
-37.55,-41.98
-37.45,-41.66
-37.35,-43.45
-37.25,-51.04
-37.15,-59.57
-37.05,-58.53
-36.95,-57.3
-36.85,-55.08
-36.75,-48.88
-36.65,-46.45
-36.55,-45.26
-36.45,-47.69
-36.35,-44.31
-36.25,-42.49
-36.15,-42.93
-36.05,-45.64
-35.95,-42.73
-35.85,-41.41
-35.75,-42.22
-35.65,-41.63
-35.55,-40.12
-35.45,-44.1
-35.35,-42.53
-35.25,-40.8
-35.15,-41.62
-35.05,-42.65
-34.95,-43.1
-34.85,-42.81
-34.75,-43.45
-34.65,-41.94
-34.55,-42.83
-34.45,-44.54
-34.35,-43.51
-34.25,-44.61
-34.15,-41.56
-34.05,-41.12
-33.95,-38.91
-33.85,-38.35
-33.75,-38.48
-33.65,-37.28
-33.55,-37.61
-33.45,-39.49
-33.35,-40.17
-33.25,-39.94
-33.15,-41.37
-33.05,-41.7
-32.95,-43.22
-32.85,-42.59
-32.75,-42.09
-32.65,-44.73
-32.55,-43.42
-32.45,-44.67
-32.35,-42.62
-32.25,-44.84
-32.15,-44.99
-32.05,-46.78
-31.95,-42.75
-31.85,-43.67
-31.75,-49.87
-31.65,-60.46
-31.55,-55.66
-31.45,-49.16
-31.35,-47.86
-31.25,-47.75
-31.15,-45.12
-31.05,-47.08
-30.95,-44.39
-30.85,-46.34
-30.75,-41.85
-30.65,-43.97
-30.55,-43.3
-30.45,-46.35
-30.35,-48.44
-30.25,-45.09
-30.15,-56.27
-30.05,-54.14
-29.95,-54.28
-29.85,-57.45
-29.75,-59.32
-29.65,-50.36
-29.55,-49.63
-29.45,-46.95
-29.35,-52.54
-29.25,-47.92
-29.15,-46.13
-29.05,-42.97
-28.95,-41.38
-28.85,-39.76
-28.75,-38.4
-28.65,-40
-28.55,-38.09
-28.45,-37.92
-28.35,-37.16
-28.25,-37.68
-28.15,-37.77
-28.05,-37.17
-27.95,-38.94
-27.85,-39.12
-27.75,-43.04
-27.65,-42.04
-27.55,-47.3
-27.45,-42.8
-27.35,-45.24
-27.25,-43.5
-27.15,-45.48
-27.05,-42.61
-26.95,-42.41
-26.85,-44.63
-26.75,-41.63
-26.65,-42.97
-26.55,-43.9
-26.45,-46.21
-26.35,-43.86
-26.25,-47.01
-26.15,-48.28
-26.05,-45.3
-25.95,-46.46
-25.85,-44.59
-25.75,-42.24
-25.65,-43.05
-25.55,-45.11
-25.45,-48.08
-25.35,-52.01
-25.25,-45.91
-25.15,-42.9
-25.05,-47.31
-24.95,-40.41
-24.85,-40.01
-24.75,-37.88
-24.65,-36.74
-24.55,-35.33
-24.45,-35.96
-24.35,-36.4
-24.25,-35.2
-24.15,-35.71
-24.05,-35.56
-23.95,-34.54
-23.85,-37.5
-23.75,-38.45
-23.65,-38.28
-23.55,-41.85
-23.45,-40.57
-23.35,-45.43
-23.25,-47.75
-23.15,-45.81
-23.05,-45.98
-22.95,-47.23
-22.85,-45.57
-22.75,-43.74
-22.65,-42.99
-22.55,-41.05
-22.45,-39.24
-22.35,-39.6
-22.25,-37.07
-22.15,-35.4
-22.05,-36.61
-21.95,-34.65
-21.85,-36.87
-21.75,-35.81
-21.65,-35.67
-21.55,-36.21
-21.45,-38.4
-21.35,-41.69
-21.25,-40.53
-21.15,-42.42
-21.05,-45.3
-20.95,-43.54
-20.85,-46.44
-20.75,-49.21
-20.65,-51.37
-20.55,-45.3
-20.45,-44.06
-20.35,-42.08
-20.25,-40.26
-20.15,-41.25
-20.05,-38.34
-19.95,-37.89
-19.85,-36.45
-19.75,-34.87
-19.65,-35.82
-19.55,-34.11
-19.45,-34.04
-19.35,-36.14
-19.25,-35.31
-19.15,-35.97
-19.05,-35.61
-18.95,-37.16
-18.85,-38.9
-18.75,-39.2
-18.65,-38.87
-18.55,-43.31
-18.45,-45.67
-18.35,-44.58
-18.25,-41.96
-18.15,-45.17
-18.05,-43.49
-17.95,-45.55
-17.85,-47.64
-17.75,-45.38
-17.65,-47.59
-17.55,-47.07
-17.45,-46.19
-17.35,-42.21
-17.25,-43.77
-17.15,-42.56
-17.05,-41.04
-16.95,-40.28
-16.85,-42.23
-16.75,-43.38
-16.65,-44.21
-16.55,-49.98
-16.45,-45.16
-16.35,-44.15
-16.25,-45.95
-16.15,-41.03
-16.05,-41.37
-15.95,-38.91
-15.85,-39.12
-15.75,-40.7
-15.65,-40.53
-15.55,-41.14
-15.45,-44.86
-15.35,-43.16
-15.25,-41.88
-15.15,-51.34
-15.05,-50.49
-14.95,-57.09
-14.85,-54.8
-14.75,-50.35
-14.65,-49.22
-14.55,-59.62
-14.45,-44.88
-14.35,-47.91
-14.25,-51.47
-14.15,-45.07
-14.05,-40.07
-13.95,-41.44
-13.85,-38.04
-13.75,-37.52
-13.65,-36.19
-13.55,-35.63
-13.45,-35.15
-13.35,-34.97
-13.25,-35.66
-13.15,-34.67
-13.05,-36.62
-12.95,-37.58
-12.85,-39.86
-12.75,-40.79
-12.65,-43.52
-12.55,-44.09
-12.45,-46.61
-12.35,-47.65
-12.25,-45.3
-12.15,-49.16
-12.05,-45.06
-11.95,-41.94
-11.85,-41.02
-11.75,-40.98
-11.65,-38.16
-11.55,-37.7
-11.45,-36.11
-11.35,-34.38
-11.25,-33.85
-11.15,-35.17
-11.05,-34.08
-10.95,-34.93
-10.85,-35.24
-10.75,-36.65
-10.65,-38.19
-10.55,-40.4
-10.45,-45.06
-10.35,-43.45
-10.25,-47.69
-10.15,-47.98
-10.05,-44.9
-9.95,-45.55
-9.85,-44.18
-9.75,-45.09
-9.65,-48.12
-9.55,-48.55
-9.45,-46.54
-9.35,-44.15
-9.25,-40.16
-9.15,-39.18
-9.05,-35.8
-8.95,-36.03
-8.85,-35.36
-8.75,-34.33
-8.65,-34.49
-8.55,-34.67
-8.45,-34.55
-8.35,-35.03
-8.25,-36.15
-8.15,-35.4
-8.05,-35.05
-7.95,-32.83
-7.85,-32.35
-7.75,-32.53
-7.65,-32.29
-7.55,-31.83
-7.45,-31.86
-7.35,-32.39
-7.25,-33.26
-7.15,-33.69
-7.05,-34.93
-6.95,-35.09
-6.85,-35.49
-6.75,-35.3
-6.65,-35.53
-6.55,-35.52
-6.45,-36.29
-6.35,-35.19
-6.25,-35.21
-6.15,-35.94
-6.05,-34
-5.95,-33.9
-5.85,-32.24
-5.75,-30.77
-5.65,-30.28
-5.55,-29.82
-5.45,-29.25
-5.35,-29.73
-5.25,-30.24
-5.15,-31.09
-5.05,-33.38
-4.95,-36.4
-4.85,-41.88
-4.75,-50.53
-4.65,-38.99
-4.55,-34.48
-4.45,-31.47
-4.35,-29.55
-4.25,-28.7
-4.15,-27.55
-4.05,-27.38
-3.95,-27.78
-3.85,-28.06
-3.75,-29.1
-3.65,-30.33
-3.55,-32.4
-3.45,-32.62
-3.35,-32.29
-3.25,-30.7
-3.15,-29.69
-3.05,-28.08
-2.95,-28.24
-2.85,-27.99
-2.75,-28.55
-2.65,-29.2
-2.55,-31.19
-2.45,-32.27
-2.35,-34.02
-2.25,-34.1
-2.15,-32.5
-2.05,-31.76
-1.95,-29.41
-1.85,-27.24
-1.75,-24.3
-1.65,-21.18
-1.55,-18.44
-1.45,-15.69
-1.35,-13.03
-1.25,-10.98
-1.15,-9.22
-1.05,-7.52
-0.95,-6.05
-0.85,-4.8
-0.75,-3.67
-0.65,-2.7
-0.55,-1.94
-0.45,-1.26
-0.35,-0.79
-0.25,-0.39
-0.15,-0.16
-0.05,-0.01
0.05,0
0.15,-0.11
0.25,-0.36
0.35,-0.73
0.45,-1.21
0.55,-1.87
0.65,-2.67
0.75,-3.57
0.85,-4.68
0.95,-5.9
1.05,-7.29
1.15,-9
1.25,-10.94
1.35,-13.09
1.45,-15.26
1.55,-18.12
1.65,-20.89
1.75,-23.99
1.85,-26.44
1.95,-27.98
2.05,-29.13
2.15,-29.58
2.25,-30.16
2.35,-30.35
2.45,-30.6
2.55,-30.51
2.65,-29.58
2.75,-28.95
2.85,-28.98
2.95,-28.57
3.05,-29.3
3.15,-31.08
3.25,-33.1
3.35,-35.5
3.45,-35.69
3.55,-34.35
3.65,-30.5
3.75,-28.76
3.85,-28.15
3.95,-27.1
4.05,-26.69
4.15,-26.89
4.25,-26.48
4.35,-27.09
4.45,-27.96
4.55,-29.4
4.65,-30.32
4.75,-30.76
4.85,-33.12
4.95,-34.66
5.05,-35.73
5.15,-37.4
5.25,-37.79
5.35,-37.47
5.45,-37.71
5.55,-39.39
5.65,-34.34
5.75,-32.84
5.85,-31.55
5.95,-29.36
6.05,-28.59
6.15,-27.86
6.25,-27.32
6.35,-26.62
6.45,-27.15
6.55,-27.25
6.65,-27.99
6.75,-28.36
6.85,-29.68
6.95,-31
7.05,-32.33
7.15,-33.86
7.25,-35.6
7.35,-37.88
7.45,-38.17
7.55,-39.53
7.65,-37.93
7.75,-39.52
7.85,-37.15
7.95,-35.39
8.05,-34.69
8.15,-32.91
8.25,-32.95
8.35,-31.68
8.45,-30.99
8.55,-31.17
8.65,-31.35
8.75,-31.65
8.85,-31.58
8.95,-31.75
9.05,-32.66
9.15,-33.41
9.25,-34.18
9.35,-35.14
9.45,-34.13
9.55,-34.93
9.65,-32.85
9.75,-33.05
9.85,-31.73
9.95,-31.41
10.05,-32.38
10.15,-31.28
10.25,-31.73
10.35,-32.2
10.45,-32.26
10.55,-32.8
10.65,-32.59
10.75,-32.22
10.85,-31.84
10.95,-32.13
11.05,-30.85
11.15,-32.32
11.25,-30.86
11.35,-31.67
11.45,-31.64
11.55,-31.26
11.65,-31.95
11.75,-31.55
11.85,-31.65
11.95,-32.65
12.05,-32.32
12.15,-33.4
12.25,-33.31
12.35,-33.12
12.45,-32.96
12.55,-33.77
12.65,-32.47
12.75,-32.6
12.85,-31.94
12.95,-31.03
13.05,-31.83
13.15,-31.75
13.25,-32.2
13.35,-31.48
13.45,-32.5
13.55,-33.41
13.65,-33.88
13.75,-36.44
13.85,-37.68
13.95,-40.05
14.05,-40.82
14.15,-40.6
14.25,-44.51
14.35,-48.7
14.45,-58.97
14.55,-53.51
14.65,-49.72
14.75,-46.4
14.85,-57.33
14.95,-50.16
15.05,-49.78
15.15,-45.63
15.25,-46.37
15.35,-41.33
15.45,-41.18
15.55,-39.83
15.65,-41.54
15.75,-41.32
15.85,-40.21
15.95,-41.73
16.05,-43.88
16.15,-47.64
16.25,-51.66
16.35,-47.02
16.45,-43.18
16.55,-39.58
16.65,-38
16.75,-38.84
16.85,-36.79
16.95,-37.28
17.05,-36.27
17.15,-36.8
17.25,-37.45
17.35,-38.44
17.45,-38.04
17.55,-41.39
17.65,-41.45
17.75,-41.04
17.85,-44.1
17.95,-42.45
18.05,-44.16
18.15,-44.89
18.25,-41.59
18.35,-40.74
18.45,-46.63
18.55,-42.97
18.65,-45.88
18.75,-46.34
18.85,-44.42
18.95,-42.25
19.05,-42.91
19.15,-42.17
19.25,-37.39
19.35,-38.8
19.45,-36.71
19.55,-37.24
19.65,-39.04
19.75,-39.22
19.85,-39.24
19.95,-41.69
20.05,-42.65
20.15,-45.18
20.25,-42.96
20.35,-44.12
20.45,-55.42
20.55,-53.99
20.65,-50.88
20.75,-56.33
20.85,-48.61
20.95,-46.77
21.05,-41.44
21.15,-39.77
21.25,-39.1
21.35,-37.96
21.45,-37.98
21.55,-35.77
21.65,-34.99
21.75,-34.57
21.85,-33.55
21.95,-34.33
22.05,-35.17
22.15,-34.88
22.25,-36.25
22.35,-37.1
22.45,-37.91
22.55,-40.59
22.65,-44.12
22.75,-42.07
22.85,-48.9
22.95,-51.78
23.05,-67.59
23.15,-53.3
23.25,-55.19
23.35,-50.88
23.45,-52.18
23.55,-46.46
23.65,-43.61
23.75,-40.66
23.85,-42.01
23.95,-42.45
24.05,-39.77
24.15,-38.95
24.25,-37.53
24.35,-38.62
24.45,-38.36
24.55,-40.24
24.65,-42.32
24.75,-40.84
24.85,-43.07
24.95,-47.02
25.05,-62.07
25.15,-56.44
25.25,-51.66
25.35,-55.33
25.45,-49.82
25.55,-48.29
25.65,-48.63
25.75,-48.32
25.85,-47.01
25.95,-45.03
26.05,-57.12
26.15,-51.94
26.25,-56.22
26.35,-48.73
26.45,-44.56
26.55,-42.15
26.65,-42.74
26.75,-39.22
26.85,-40.66
26.95,-40.91
27.05,-44.35
27.15,-43.6
27.25,-42.6
27.35,-47.37
27.45,-48.17
27.55,-53.54
27.65,-48.47
27.75,-51.93
27.85,-47.06
27.95,-48.82
28.05,-44.24
28.15,-43.96
28.25,-44.41
28.35,-43.52
28.45,-41.25
28.55,-41.46
28.65,-42.39
28.75,-41.96
28.85,-42.29
28.95,-50.25
29.05,-45.67
29.15,-52.54
29.25,-49.36
29.35,-52.25
29.45,-51.54
29.55,-48.46
29.65,-52.61
29.75,-68.66
29.85,-50.93
29.95,-46.03
30.05,-45.75
30.15,-44.89
30.25,-41.23
30.35,-41.23
30.45,-40.38
30.55,-40.7
30.65,-40.04
30.75,-40.61
30.85,-38.45
30.95,-37
31.05,-37.72
31.15,-38.93
31.25,-40.45
31.35,-39.63
31.45,-43.67
31.55,-44.88
31.65,-47.35
31.75,-57.33
31.85,-55.21
31.95,-53.27
32.05,-55.62
32.15,-52.05
32.25,-46.91
32.35,-46.98
32.45,-48.13
32.55,-46.8
32.65,-45.66
32.75,-41.94
32.85,-42.36
32.95,-40.95
33.05,-40.42
33.15,-37.81
33.25,-39.02
33.35,-39.1
33.45,-37.29
33.55,-37.01
33.65,-37.47
33.75,-38.56
33.85,-39.11
33.95,-39.12
34.05,-41.3
34.15,-42.12
34.25,-44.57
34.35,-46.39
34.45,-44.77
34.55,-50.22
34.65,-51.78
34.75,-46.9
34.85,-44.5
34.95,-46.48
35.05,-46.11
35.15,-43.8
35.25,-46.49
35.35,-47.84
35.45,-46.58
35.55,-47.79
35.65,-45.34
35.75,-43.05
35.85,-48.65
35.95,-46.1
36.05,-44.82
36.15,-46.78
36.25,-48.03
36.35,-48.33
36.45,-50.79
36.55,-44.81
36.65,-49.86
36.75,-49.12
36.85,-48.33
36.95,-49.47
37.05,-45.3
37.15,-47.99
37.25,-44.14
37.35,-43.86
37.45,-41.83
37.55,-40.94
37.65,-41.49
37.75,-41.34
37.85,-39.18
37.95,-38.88
38.05,-39.91
38.15,-42.4
38.25,-42.8
38.35,-42.12
38.45,-47.67
38.55,-52.31
38.65,-51.6
38.75,-55.87
38.85,-48.55
38.95,-56.36
39.05,-48.98
39.15,-46.28
39.25,-45.6
39.35,-43.76
39.45,-42.84
39.55,-44.88
39.65,-43.6
39.75,-45.22
39.85,-44.23
39.95,-47.62
40.05,-49.96
40.15,-44.64
40.25,-50.2
40.35,-44.46
40.45,-44.01
40.55,-48.26
40.65,-46.67
40.75,-44.94
40.85,-47.65
40.95,-47.7
41.05,-43.87
41.15,-42.55
41.25,-44.01
41.35,-50.09
41.45,-56.27
41.55,-54.01
41.65,-53.72
41.75,-50.93
41.85,-46
41.95,-53.95
42.05,-45.48
42.15,-46.17
42.25,-44.3
42.35,-44.2
42.45,-44.4
42.55,-42.41
42.65,-40.6
42.75,-39.73
42.85,-41.87
42.95,-42.58
43.05,-43.17
43.15,-44.23
43.25,-46.35
43.35,-43.62
43.45,-45.78
43.55,-45.51
43.65,-46.85
43.75,-49.51
43.85,-46.75
43.95,-50.79
44.05,-47.57
44.15,-45.22
44.25,-47.79
44.35,-47.37
44.45,-48.66
44.55,-49.86
44.65,-45.34
44.75,-47.69
44.85,-48.19
44.95,-49.71
45.05,-52.4
45.15,-49.22
45.25,-44.42
45.35,-45.15
45.45,-44.21
45.55,-43.76
45.65,-47.2
45.75,-43.1
45.85,-50.37
45.95,-59.98
46.05,-50.7
46.15,-54.02
46.25,-56.72
46.35,-48.62
46.45,-46.02
46.55,-49.25
46.65,-52.2
46.75,-46.86
46.85,-50.99
46.95,-60.99
47.05,-48.16
47.15,-48.23
47.25,-46.63
47.35,-47.02
47.45,-45.89
47.55,-48.66
47.65,-50.39
47.75,-54.25
47.85,-51.66
47.95,-50.76
48.05,-55.24
48.15,-56.94
48.25,-63.09
48.35,-59.52
48.45,-66.05
48.55,-50.07
48.65,-49.26
48.75,-57.99
48.85,-57.14
48.95,-49.62
49.05,-58.68
49.15,-57.81
49.25,-66.56
49.35,-58.02
49.45,-53.18
49.55,-55.33
49.65,-52.2
49.75,-58.94
49.85,-48.88
49.95,-52.68
50.05,-46.02
50.15,-55.32
50.25,-49.16
50.35,-48.89
50.45,-48.73
50.55,-50.2
50.65,-46.84
50.75,-43.91
50.85,-50.58
50.95,-45.57
51.05,-44.8
51.15,-48.06
51.25,-42.36
51.35,-51.07
51.45,-45.45
51.55,-50.45
51.65,-47.8
51.75,-49.67
51.85,-46.96
51.95,-49.78
52.05,-45.78
52.15,-45.37
52.25,-48.01
52.35,-49.36
52.45,-42.15
52.55,-42.41
52.65,-48.39
52.75,-48.02
52.85,-44.71
52.95,-49.29
53.05,-47.8
53.15,-51.62
53.25,-49.17
53.35,-46.46
53.45,-51.26
53.55,-49.01
53.65,-45.99
53.75,-47.95
53.85,-52.34
53.95,-57.49
54.05,-48.55
54.15,-54.26
54.25,-51.92
54.35,-47.79
54.45,-52.36
54.55,-53.14
54.65,-52.13
54.75,-56.04
54.85,-53.56
54.95,-64.44
55.05,-55
55.15,-51.86
55.25,-48.91
55.35,-47.45
55.45,-45.65
55.55,-45.27
55.65,-50.08
55.75,-51.14
55.85,-48
55.95,-49.01
56.05,-55.29
56.15,-50.53
56.25,-47.92
56.35,-54.22
56.45,-50.6
56.55,-48.01
56.65,-43.97
56.75,-47.82
56.85,-58.25
56.95,-51.8
57.05,-52.17
57.15,-45.94
57.25,-46.19
57.35,-44.21
57.45,-43.29
57.55,-43.81
57.65,-46.83
57.75,-48.73
57.85,-47.41
57.95,-44.75
58.05,-43.43
58.15,-45.75
58.25,-40.55
58.35,-42.72
58.45,-47.84
58.55,-43.64
58.65,-43.89
58.75,-44.29
58.85,-40.86
58.95,-42.31
59.05,-47.37
59.15,-43.63
59.25,-45.27
59.35,-45.6
59.45,-50.3
59.55,-45.57
59.65,-45.64
59.75,-47.61
59.85,-50.3
59.95,-47.31
60.05,-51.4
60.15,-49.61
60.25,-51.76
60.35,-52.31
60.45,-51.12
60.55,-51.35
60.65,-45.67
60.75,-47.9
60.85,-47.3
60.95,-44.81
61.05,-46.8
61.15,-40.68
61.25,-43.03
61.35,-44.75
61.45,-46.33
61.55,-46.59
61.65,-45.75
61.75,-53.93
61.85,-48.07
61.95,-46.04
62.05,-41.83
62.15,-47.93
62.25,-48.24
62.35,-44.21
62.45,-48.72
62.55,-49.02
62.65,-49.05
62.75,-44.26
62.85,-46.87
62.95,-46.47
63.05,-41.41
63.15,-43.92
63.25,-51.18
63.35,-49.84
63.45,-44.46
63.55,-43.33
63.65,-43.78
63.75,-46.71
63.85,-46.3
63.95,-47.74
64.05,-45.69
64.15,-48.76
64.25,-45.22
64.35,-48.53
64.45,-48.54
64.55,-45.84
64.65,-44.56
64.75,-46.26
64.85,-47.54
64.95,-43.99
65.05,-46.18
65.15,-44.73
65.25,-44.6
65.35,-44.76
65.45,-42.32
65.55,-41.51
65.65,-42.87
65.75,-42.11
65.85,-47.45
65.95,-47.47
66.05,-47.53
66.15,-51.76
66.25,-49.43
66.35,-46.41
66.45,-46.55
66.55,-45.61
66.65,-49.87
66.75,-56.39
66.85,-55.7
66.95,-49.86
67.05,-46.87
67.15,-54.3
67.25,-43.51
67.35,-43.47
67.45,-45.05
67.55,-44.61
67.65,-40.59
67.75,-49.02
67.85,-45.49
67.95,-49.3
68.05,-47.56
68.15,-51.19
68.25,-44.44
68.35,-46.33
68.45,-44.91
68.55,-46.34
68.65,-44.53
68.75,-48.01
68.85,-46.76
68.95,-45.86
69.05,-45.6
69.15,-46.92
69.25,-44.08
69.35,-47.26
69.45,-47.77
69.55,-47.37
69.65,-46.61
69.75,-44.84
69.85,-45.49
69.95,-48.06
70.05,-49.61
70.15,-45.24
70.25,-46.41
70.35,-47.47
70.45,-47.53
70.55,-48.3
70.65,-49.2
70.75,-48.93
70.85,-50.27
70.95,-50.19
71.05,-43.82
71.15,-45.87
71.25,-48.81
71.35,-41.96
71.45,-44.48
71.55,-44.73
71.65,-55.46
71.75,-46.31
71.85,-48.25
71.95,-47.09
72.05,-46.6
72.15,-44.42
72.25,-43.39
72.35,-40.45
72.45,-41.19
72.55,-43.28
72.65,-43.34
72.75,-51.31
72.85,-43.44
72.95,-42.18
73.05,-41
73.15,-41.99
73.25,-44.73
73.35,-40.05
73.45,-42.76
73.55,-41.78
73.65,-44.08
73.75,-43.19
73.85,-44.29
73.95,-44.79
74.05,-47.9
74.15,-41.96
74.25,-42.09
74.35,-40.75
74.45,-42.58
74.55,-48.26
74.65,-43.14
74.75,-48.07
74.85,-42.99
74.95,-42.43
75.05,-41.94
75.15,-43.66
75.25,-41.07
75.35,-42.2
75.45,-41.78
75.55,-41.17
75.65,-41.42
75.75,-39.71
75.85,-41.93
75.95,-43.22
76.05,-40.34
76.15,-42.25
76.25,-41.96
76.35,-39.61
76.45,-38
76.55,-41.76
76.65,-42.78
76.75,-40.82
76.85,-40.88
76.95,-42.08
77.05,-41.97
77.15,-41.29
77.25,-39.8
77.35,-40.76
77.45,-40.12
77.55,-42.69
77.65,-39.99
77.75,-41.94
77.85,-41.54
77.95,-39.8
78.05,-39.22
78.15,-40.85
78.25,-41.71
78.35,-46.36
78.45,-40.58
78.55,-39.6
78.65,-41.33
78.75,-43.33
78.85,-42.12
78.95,-41.56
79.05,-43.33
79.15,-43.42
79.25,-43.09
79.35,-40.96
79.45,-41.51
79.55,-43.48
79.65,-42.1
79.75,-40.71
79.85,-41.94
79.95,-42.55
80.05,-40.88
80.15,-38.99
80.25,-39.85
80.35,-37.21
80.45,-38.55
80.55,-39.15
80.65,-40.43
80.75,-40.73
80.85,-41.02
80.95,-39.95
81.05,-40.31
81.15,-38.81
81.25,-39.75
81.35,-39.1
81.45,-38.82
81.55,-38.34
81.65,-37.84
81.75,-40.12
81.85,-39.31
81.95,-38.66
82.05,-38.78
82.15,-40.14
82.25,-39.35
82.35,-40.41
82.45,-38.95
82.55,-40.3
82.65,-41.21
82.75,-40.07
82.85,-40.9
82.95,-39.75
83.05,-40.83
83.15,-39.06
83.25,-39.55
83.35,-39.67
83.45,-38.01
83.55,-40.37
83.65,-40.75
83.75,-40.57
83.85,-41.44
83.95,-39.97
84.05,-41.26
84.15,-41.98
84.25,-42.17
84.35,-40.08
84.45,-40.2
84.55,-38.43
84.65,-39.08
84.75,-39.65
84.85,-41.33
84.95,-40.12
85.05,-39.51
85.15,-39.32
85.25,-39.46
85.35,-38.98
85.45,-38.54
85.55,-38.51
85.65,-38.37
85.75,-38.55
85.85,-38.04
85.95,-39.69
86.05,-38.96
86.15,-39.75
86.25,-39.53
86.35,-39.65
86.45,-38.11
86.55,-37.8
86.65,-40.52
86.75,-37.06
86.85,-39.95
86.95,-40.13
87.05,-38.44
87.15,-40.4
87.25,-37.43
87.35,-37.29
87.45,-37.67
87.55,-38.01
87.65,-39.27
87.75,-38.42
87.85,-39.49
87.95,-41.41
88.05,-38.1
88.15,-38.4
88.25,-39.25
88.35,-38.74
88.45,-38.17
88.55,-38.35
88.65,-39.61
88.75,-40.51
88.85,-40.28
88.95,-42.11
89.05,-38.48
89.15,-40.06
89.25,-38.41
89.35,-41.86
89.45,-39.87
89.55,-42.47
89.65,-40.65
89.75,-39.84
89.85,-41.88
89.95,-38.87
90.05,-39.89
90.15,-40.53
90.25,-40.97
90.35,-40.64
90.45,-42.27
90.55,-40.24
90.65,-43.11
90.75,-39.88
90.85,-40.24
90.95,-39.55
91.05,-40.22
91.15,-40.18
91.25,-40.84
91.35,-39.05
91.45,-38.21
91.55,-40.31
91.65,-37.52
91.75,-37.88
91.85,-38.04
91.95,-37.79
92.05,-37.22
92.15,-36.96
92.25,-36.33
92.35,-36.84
92.45,-35.84
92.55,-35.81
92.65,-35.9
92.75,-35.51
92.85,-36.59
92.95,-35.48
93.05,-35.65
93.15,-36.4
93.25,-35.42
93.35,-36.54
93.45,-35.69
93.55,-35.56
93.65,-35.23
93.75,-35.85
93.85,-33.9
93.95,-35.31
94.05,-35.51
94.15,-34.63
94.25,-35.34
94.35,-35.67
94.45,-34.62
94.55,-34.72
94.65,-35.1
94.75,-35.58
94.85,-35.54
94.95,-35.06
95.05,-35.26
95.15,-35.05
95.25,-35.83
95.35,-35.13
95.45,-35.89
95.55,-36.2
95.65,-34.52
95.75,-34.57
95.85,-35.78
95.95,-34.92
96.05,-35.82
96.15,-37.1
96.25,-35.04
96.35,-36.33
96.45,-33.96
96.55,-36.21
96.65,-35.19
96.75,-33.87
96.85,-34.78
96.95,-35.32
97.05,-33.67
97.15,-34.27
97.25,-33.91
97.35,-34.4
97.45,-34.04
97.55,-34.62
97.65,-35.64
97.75,-34.7
97.85,-35.08
97.95,-34.72
98.05,-35.81
98.15,-33.68
98.25,-35.35
98.35,-34.86
98.45,-35.89
98.55,-34.87
98.65,-34.5
98.75,-35.29
98.85,-35.3
98.95,-37
99.05,-35.51
99.15,-36.54
99.25,-36.89
99.35,-38.05
99.45,-37.36
99.55,-37.3
99.65,-36.14
99.75,-37.27
99.85,-35.34
99.95,-37.4
100.05,-36.25
100.15,-36.48
100.25,-37.24
100.35,-36.16
100.45,-35.41
100.55,-36.94
100.65,-36.62
100.75,-36.41
100.85,-36.77
100.95,-37.46
101.05,-39.22
101.15,-38.92
101.25,-40.51
101.35,-39.3
101.45,-39.74
101.55,-39.46
101.65,-38.26
101.75,-39.83
101.85,-39.73
101.95,-39.22
102.05,-39.42
102.15,-38.69
102.25,-39.45
102.35,-41.5
102.45,-39.81
102.55,-39.91
102.65,-38.55
102.75,-38.7
102.85,-38.07
102.95,-37.1
103.05,-37.42
103.15,-37.92
103.25,-39.41
103.35,-38.91
103.45,-38.54
103.55,-39.25
103.65,-37.65
103.75,-37.07
103.85,-37.18
103.95,-37.38
104.05,-37.74
104.15,-37.28
104.25,-37.96
104.35,-41.48
104.45,-39.42
104.55,-40.82
104.65,-37.64
104.75,-38.58
104.85,-38.28
104.95,-39.82
105.05,-41.15
105.15,-43.02
105.25,-43.4
105.35,-41.87
105.45,-42.52
105.55,-41.03
105.65,-38.93
105.75,-38.91
105.85,-39.92
105.95,-39.97
106.05,-46.01
106.15,-40.62
106.25,-42.64
106.35,-41.43
106.45,-40.77
106.55,-39.77
106.65,-39.47
106.75,-42.03
106.85,-42.47
106.95,-41.57
107.05,-41
107.15,-42.43
107.25,-41.56
107.35,-41.72
107.45,-41.21
107.55,-44.13
107.65,-42.41
107.75,-44.2
107.85,-40.89
107.95,-44.43
108.05,-42.53
108.15,-42.2
108.25,-43.51
108.35,-41.83
108.45,-44.36
108.55,-44.08
108.65,-43.16
108.75,-48.95
108.85,-46.17
108.95,-43.29
109.05,-47.88
109.15,-43.92
109.25,-46.94
109.35,-42.46
109.45,-43.14
109.55,-46.08
109.65,-44.09
109.75,-46.44
109.85,-44.83
109.95,-50.51
110.05,-48.34
110.15,-46.12
110.25,-48.74
110.35,-44.08
110.45,-43.66
110.55,-43.07
110.65,-43.38
110.75,-41.6
110.85,-44.62
110.95,-44.49
111.05,-43.86
111.15,-44.49
111.25,-43.34
111.35,-48.48
111.45,-43.42
111.55,-45.82
111.65,-45.8
111.75,-42.77
111.85,-46.36
111.95,-47.06
112.05,-44.18
112.15,-42.61
112.25,-43.89
112.35,-46.71
112.45,-44.99
112.55,-51.92
112.65,-49.94
112.75,-44.56
112.85,-49.82
112.95,-42.74
113.05,-42.65
113.15,-44.97
113.25,-41.46
113.35,-40.19
113.45,-40.41
113.55,-41.34
113.65,-45.87
113.75,-44.31
113.85,-46.47
113.95,-41.76
114.05,-44.11
114.15,-43.96
114.25,-41.25
114.35,-42.24
114.45,-44.22
114.55,-48.49
114.65,-45.6
114.75,-47.95
114.85,-46.01
114.95,-43.03
115.05,-43.02
115.15,-45.81
115.25,-47.05
115.35,-43
115.45,-42.9
115.55,-44.92
115.65,-46.34
115.75,-46.91
115.85,-44.93
115.95,-45.28
116.05,-49.82
116.15,-45.21
116.25,-48.15
116.35,-53.14
116.45,-51.8
116.55,-54.81
116.65,-48.13
116.75,-46.81
116.85,-48.9
116.95,-45.81
117.05,-42.14
117.15,-45.94
117.25,-49.85
117.35,-43.45
117.45,-46.8
117.55,-43.5
117.65,-42.74
117.75,-42.44
117.85,-42.03
117.95,-42.19
118.05,-42.98
118.15,-42.87
118.25,-42.52
118.35,-46.55
118.45,-51.38
118.55,-47.57
118.65,-49.65
118.75,-45.82
118.85,-45.27
118.95,-46.38
119.05,-48.67
119.15,-51.18
119.25,-44.67
119.35,-48.2
119.45,-48.36
119.55,-48.1
119.65,-45.41
119.75,-47.03
119.85,-43.63
119.95,-49.78
120.05,-47.56
120.15,-51.79
120.25,-52.04
120.35,-63.23
120.45,-50.74
120.55,-47.57
120.65,-51.2
120.75,-47.5
120.85,-54.67
120.95,-50.82
121.05,-57.5
121.15,-51.64
121.25,-59.5
121.35,-46.28
121.45,-46.55
121.55,-52.23
121.65,-48.62
121.75,-57.89
121.85,-60.78
121.95,-48.86
122.05,-48.28
122.15,-46.04
122.25,-46.42
122.35,-53.24
122.45,-43.44
122.55,-50.17
122.65,-54.85
122.75,-49.59
122.85,-52.16
122.95,-68.45
123.05,-73.98
123.15,-49.93
123.25,-48.96
123.35,-50.71
123.45,-63.11
123.55,-53.93
123.65,-50.45
123.75,-52.57
123.85,-53.32
123.95,-54.4
124.05,-52.21
124.15,-48.29
124.25,-47.02
124.35,-47.39
124.45,-47.3
124.55,-48.46
124.65,-54.22
124.75,-57.47
124.85,-59.77
124.95,-56.97
125.05,-56.52
125.15,-48.15
125.25,-58.16
125.35,-64.47
125.45,-54.18
125.55,-58.58
125.65,-50.4
125.75,-47.45
125.85,-69.72
125.95,-50.69
126.05,-48.96
126.15,-54.36
126.25,-57.32
126.35,-50.03
126.45,-59.18
126.55,-54.64
126.65,-52.45
126.75,-52.52
126.85,-49.08
126.95,-54.45
127.05,-57.55
127.15,-44.9
127.25,-49.4
127.35,-46.43
127.45,-50.89
127.55,-43.9
127.65,-45.4
127.75,-51.88
127.85,-50.25
127.95,-50.73
128.05,-52.15
128.15,-47.35
128.25,-50.71
128.35,-50.02
128.45,-48.12
128.55,-61.1
128.65,-54.96
128.75,-54.52
128.85,-71.31
128.95,-55.88
129.05,-51.59
129.15,-50.63
129.25,-51.07
129.35,-49.15
129.45,-57.35
129.55,-51.92
129.65,-53.28
129.75,-56.35
129.85,-50.45
129.95,-54.85
130.05,-57.71
130.15,-58.36
130.25,-55.96
130.35,-53.32
130.45,-52.22
130.55,-50.78
130.65,-51.48
130.75,-51.79
130.85,-52.48
130.95,-58.06
131.05,-51.38
131.15,-56.44
131.25,-54.47
131.35,-52.05
131.45,-52.72
131.55,-50.11
131.65,-60.03
131.75,-54.58
131.85,-57.65
131.95,-59.79
132.05,-63.93
132.15,-59.59
132.25,-50.28
132.35,-56.59
132.45,-52.9
132.55,-53.7
132.65,-60.75
132.75,-52.07
132.85,-64.15
132.95,-52.79
133.05,-53.51
133.15,-67.21
133.25,-55.19
133.35,-52.69
133.45,-51.87
133.55,-56.99
133.65,-54.19
133.75,-54.19
133.85,-51.28
133.95,-58.15
134.05,-57.17
134.15,-59.77
134.25,-59.2
134.35,-53.94
134.45,-49.47
134.55,-51.33
134.65,-52.72
134.75,-46.99
134.85,-44.82
134.95,-51.59
135.05,-46.36
135.15,-43.22
135.25,-48.95
135.35,-47.74
135.45,-48.47
135.55,-49.91
135.65,-54.38
135.75,-48.09
135.85,-47.61
135.95,-51.01
136.05,-47.64
136.15,-48.87
136.25,-51.52
136.35,-50.27
136.45,-55.02
136.55,-46.91
136.65,-46.3
136.75,-52.27
136.85,-48.34
136.95,-46.41
137.05,-45.98
137.15,-50.98
137.25,-49.94
137.35,-50.59
137.45,-55.13
137.55,-50.65
137.65,-50.44
137.75,-51.53
137.85,-50.24
137.95,-50.49
138.05,-52.94
138.15,-63.53
138.25,-52.26
138.35,-54.85
138.45,-58.13
138.55,-58.13
138.65,-53.45
138.75,-58.6
138.85,-62.4
138.95,-54.6
139.05,-54.94
139.15,-50.39
139.25,-54.05
139.35,-57.93
139.45,-46.87
139.55,-50.59
139.65,-46.31
139.75,-49.38
139.85,-53.11
139.95,-50.26
140.05,-50.23
140.15,-52.04
140.25,-47.7
140.35,-53.76
140.45,-47.84
140.55,-51.48
140.65,-49.95
140.75,-50.18
140.85,-69.04
140.95,-50.91
141.05,-71.17
141.15,-53.73
141.25,-52.26
141.35,-54.76
141.45,-58.58
141.55,-52.23
141.65,-55.08
141.75,-65.05
141.85,-55.63
141.95,-58.28
142.05,-49.64
142.15,-58.22
142.25,-51.8
142.35,-52.3
142.45,-53.6
142.55,-47.29
142.65,-52.39
142.75,-53.1
142.85,-68.82
142.95,-65.48
143.05,-57.47
143.15,-60.52
143.25,-68.35
143.35,-63.12
143.45,-64.2
143.55,-58.74
143.65,-59.32
143.75,-50.29
143.85,-60.73
143.95,-54.5
144.05,-62.72
144.15,-49.15
144.25,-52.6
144.35,-51.84
144.45,-56.08
144.55,-53.72
144.65,-55.48
144.75,-52.23
144.85,-54.52
144.95,-57.61
145.05,-63.8
145.15,-54.37
145.25,-51.94
145.35,-55.36
145.45,-45.93
145.55,-56.35
145.65,-48.45
145.75,-50.63
145.85,-52.29
145.95,-46.48
146.05,-49.96
146.15,-54.09
146.25,-50.87
146.35,-48.51
146.45,-46.13
146.55,-48.81
146.65,-51.99
146.75,-46.41
146.85,-46.92
146.95,-48.4
147.05,-51.73
147.15,-65.54
147.25,-55.4
147.35,-65.93
147.45,-53.65
147.55,-52.6
147.65,-53.71
147.75,-52.28
147.85,-62.38
147.95,-48.3
148.05,-62.87
148.15,-55.15
148.25,-62.08
148.35,-52.44
148.45,-52.14
148.55,-48.42
148.65,-52.73
148.75,-55.78
148.85,-51.26
148.95,-50.86
149.05,-50.89
149.15,-59.13
149.25,-51.79
149.35,-56.86
149.45,-55.2
149.55,-57.63
149.65,-59.56
149.75,-63.05
149.85,-53.56
149.95,-50.68
150.05,-53.02
150.15,-50.8
150.25,-50.38
150.35,-58.64
150.45,-55.8
150.55,-59.19
150.65,-53.47
150.75,-60.21
150.85,-54.05
150.95,-49.42
151.05,-55.28
151.15,-53.93
151.25,-52.93
151.35,-65.27
151.45,-56.6
151.55,-57.85
151.65,-52.35
151.75,-51.55
151.85,-65.93
151.95,-50.14
152.05,-54.6
152.15,-49.73
152.25,-54.66
152.35,-62.32
152.45,-53.67
152.55,-54.06
152.65,-56.9
152.75,-53.19
152.85,-46.3
152.95,-50.31
153.05,-52.24
153.15,-54.42
153.25,-48.84
153.35,-62.16
153.45,-59.9
153.55,-47.88
153.65,-55.96
153.75,-56.21
153.85,-59.57
153.95,-52.38
154.05,-56.46
154.15,-51.41
154.25,-55.22
154.35,-51.91
154.45,-57.27
154.55,-48.58
154.65,-50.86
154.75,-48.12
154.85,-51.47
154.95,-54.26
155.05,-50.43
155.15,-48.29
155.25,-56.2
155.35,-54.53
155.45,-60.11
155.55,-47.35
155.65,-48.92
155.75,-51.43
155.85,-59.36
155.95,-52.1
156.05,-51.24
156.15,-55.88
156.25,-54.4
156.35,-58.04
156.45,-57.02
156.55,-59.1
156.65,-68.69
156.75,-53.72
156.85,-54.43
156.95,-50.77
157.05,-51.54
157.15,-52.99
157.25,-56.68
157.35,-55.34
157.45,-62.7
157.55,-58.63
157.65,-64.34
157.75,-53.36
157.85,-49.08
157.95,-60
158.05,-49.31
158.15,-50.71
158.25,-58.78
158.35,-51.86
158.45,-49.49
158.55,-54.86
158.65,-48.72
158.75,-53.73
158.85,-47.59
158.95,-49.8
159.05,-48.68
159.15,-49.44
159.25,-52.82
159.35,-53.79
159.45,-55.29
159.55,-49.26
159.65,-64.46
159.75,-55.56
159.85,-50.85
159.95,-60.43
160.05,-51.02
160.15,-60.76
160.25,-54.44
160.35,-51.55
160.45,-56.99
160.55,-52.48
160.65,-64.49
160.75,-53.68
160.85,-49.82
160.95,-54.27
161.05,-50.94
161.15,-49.09
161.25,-51.04
161.35,-50.96
161.45,-49.21
161.55,-51.61
161.65,-47.12
161.75,-51.2
161.85,-45.96
161.95,-54.46
162.05,-48.66
162.15,-49.01
162.25,-46.34
162.35,-57.26
162.45,-51.41
162.55,-53.26
162.65,-51.64
162.75,-52.36
162.85,-49.91
162.95,-52.88
163.05,-61.79
163.15,-48.63
163.25,-66.69
163.35,-62.84
163.45,-52.02
163.55,-53.89
163.65,-50.62
163.75,-55.05
163.85,-49.18
163.95,-53.1
164.05,-67.82
164.15,-50.41
164.25,-48.96
164.35,-57.83
164.45,-59.32
164.55,-48.98
164.65,-56.24
164.75,-51.76
164.85,-64.48
164.95,-55.54
165.05,-54.65
165.15,-56
165.25,-59.68
165.35,-53.21
165.45,-59.17
165.55,-56.9
165.65,-70.09
165.75,-52.09
165.85,-57.24
165.95,-52.18
166.05,-64.42
166.15,-48.85
166.25,-53.45
166.35,-56.46
166.45,-50
166.55,-54.51
166.65,-54.85
166.75,-51.36
166.85,-65.26
166.95,-51.97
167.05,-61.1
167.15,-59.02
167.25,-52.24
167.35,-50.23
167.45,-61.52
167.55,-59.74
167.65,-57.94
167.75,-50.14
167.85,-68.66
167.95,-63.03
168.05,-46.56
168.15,-54.42
168.25,-52.84
168.35,-50.85
168.45,-53.12
168.55,-54.41
168.65,-48.86
168.75,-50.85
168.85,-50.75
168.95,-45.61
169.05,-52.62
169.15,-65.51
169.25,-50.33
169.35,-56.41
169.45,-48.17
169.55,-57.21
169.65,-50.42
169.75,-47.82
169.85,-46.9
169.95,-50.74
170.05,-47.06
170.15,-48.42
170.25,-55.73
170.35,-50.95
170.45,-49.34
170.55,-55.56
170.65,-51.14
170.75,-45.31
170.85,-70.88
170.95,-52.35
171.05,-54.03
171.15,-49.63
171.25,-58.82
171.35,-53.64
171.45,-54.94
171.55,-55.15
171.65,-48.46
171.75,-62.07
171.85,-53.38
171.95,-53.55
172.05,-53.98
172.15,-56.65
172.25,-53.32
172.35,-62.32
172.45,-57.08
172.55,-50.51
172.65,-46.53
172.75,-54.65
172.85,-50.05
172.95,-45.69
173.05,-48
173.15,-48.24
173.25,-46.28
173.35,-47.78
173.45,-48.69
173.55,-48.28
173.65,-47.49
173.75,-45.77
173.85,-46.68
173.95,-46.67
174.05,-49.42
174.15,-47.99
174.25,-48.58
174.35,-48.29
174.45,-46
174.55,-48.23
174.65,-50.07
174.75,-48.48
174.85,-49.3
174.95,-53.27
175.05,-55.35
175.15,-53.31
175.25,-52.09
175.35,-51.94
175.45,-53.51
175.55,-49.71
175.65,-59.15
175.75,-47.72
175.85,-45.66
175.95,-49.53
176.05,-52.39
176.15,-75.4
176.25,-66.51
176.35,-47.47
176.45,-58.92
176.55,-47.87
176.65,-54.3
176.75,-48.95
176.85,-51.75
176.95,-47.4
177.05,-48.45
177.15,-47.59
177.25,-49.41
177.35,-49.52
177.45,-48.25
177.55,-46.52
177.65,-50.29
177.75,-51.4
177.85,-47.97
177.95,-50.05
178.05,-49.12
178.15,-52.28
178.25,-48.21
178.35,-50.1
178.45,-55.75
178.55,-54.52
178.65,-53.89
178.75,-53.8
178.85,-50.64
178.95,-51.9
