-179.1,-54.18
-179,-55.99
-178.9,-51.18
-178.8,-48.45
-178.7,-52.38
-178.6,-63.35
-178.5,-63.56
-178.4,-53.34
-178.3,-46.66
-178.2,-55.28
-178.1,-54.11
-178,-52.12
-177.9,-50.27
-177.8,-51.38
-177.7,-57.39
-177.6,-51.82
-177.5,-57.98
-177.4,-54.26
-177.3,-56.94
-177.2,-52.04
-177.1,-48.73
-177,-52.83
-176.9,-52.49
-176.8,-53.19
-176.7,-46.9
-176.6,-56.13
-176.5,-45.69
-176.4,-47.56
-176.3,-52.41
-176.2,-47.41
-176.1,-53.41
-176,-66.37
-175.9,-48.67
-175.8,-46.97
-175.7,-54.79
-175.6,-51.31
-175.5,-59.29
-175.4,-57.75
-175.3,-52.2
-175.2,-52.4
-175.1,-46.3
-175,-49.46
-174.9,-54.33
-174.8,-53.25
-174.7,-53.86
-174.6,-71.36
-174.5,-45.57
-174.4,-48.55
-174.3,-48.02
-174.2,-48.97
-174.1,-70.51
-174,-48.32
-173.9,-48.21
-173.8,-50.38
-173.7,-51.1
-173.6,-54.39
-173.5,-51.49
-173.4,-51.47
-173.3,-63.2
-173.2,-47.15
-173.1,-48.4
-173,-47.75
-172.9,-47.73
-172.8,-50.72
-172.7,-44.96
-172.6,-48.47
-172.5,-48.94
-172.4,-45.63
-172.3,-42.33
-172.2,-42.75
-172.1,-49
-172,-44.98
-171.9,-55.9
-171.8,-47.91
-171.7,-52.87
-171.6,-52.67
-171.5,-53.37
-171.4,-47.27
-171.3,-53.94
-171.2,-53.26
-171.1,-49.87
-171,-53.24
-170.9,-43.89
-170.8,-48.46
-170.7,-48.86
-170.6,-45.16
-170.5,-48.79
-170.4,-52.71
-170.3,-42.45
-170.2,-42.9
-170.1,-59.13
-170,-46.81
-169.9,-46.08
-169.8,-53.28
-169.7,-48.22
-169.6,-53.42
-169.5,-49.86
-169.4,-52.66
-169.3,-49.47
-169.2,-56.34
-169.1,-50.71
-169,-49.74
-168.9,-49.47
-168.8,-50.58
-168.7,-52.14
-168.6,-44.24
-168.5,-45.68
-168.4,-46.46
-168.3,-48.63
-168.2,-49.38
-168.1,-47.95
-168,-45.92
-167.9,-48.98
-167.8,-57.34
-167.7,-50.22
-167.6,-54.53
-167.5,-53.41
-167.4,-54.59
-167.3,-52.38
-167.2,-45.97
-167.1,-50.63
-167,-47.07
-166.9,-50.94
-166.8,-53.12
-166.7,-70.65
-166.6,-55.34
-166.5,-52.72
-166.4,-53.53
-166.3,-47.72
-166.2,-51.19
-166.1,-51.08
-166,-55.52
-165.9,-49.06
-165.8,-48.07
-165.7,-52.52
-165.6,-57.07
-165.5,-48.62
-165.4,-50.47
-165.3,-49.83
-165.2,-52.26
-165.1,-51.18
-165,-49.32
-164.9,-53.83
-164.8,-55.54
-164.7,-44.6
-164.6,-50.2
-164.5,-47.6
-164.4,-46.64
-164.3,-51.96
-164.2,-53.94
-164.1,-49.63
-164,-49.05
-163.9,-54.2
-163.8,-53.95
-163.7,-45.92
-163.6,-49.44
-163.5,-47.53
-163.4,-49.1
-163.3,-49.1
-163.2,-47.7
-163.1,-55.82
-163,-53.04
-162.9,-47.26
-162.8,-54.22
-162.7,-44.79
-162.6,-45.28
-162.5,-54.61
-162.4,-48.95
-162.3,-50.93
-162.2,-47.87
-162.1,-54.55
-162,-52.76
-161.9,-49.2
-161.8,-67.54
-161.7,-47
-161.6,-54.21
-161.5,-50.48
-161.4,-54.34
-161.3,-62.07
-161.2,-65.65
-161.1,-49.64
-161,-48.3
-160.9,-48.57
-160.8,-45.25
-160.7,-46.31
-160.6,-43.34
-160.5,-47.61
-160.4,-47.52
-160.3,-45.83
-160.2,-46.5
-160.1,-47.33
-160,-43.53
-159.9,-45.62
-159.8,-50.13
-159.7,-45.8
-159.6,-46.42
-159.5,-45.9
-159.4,-47.46
-159.3,-44.1
-159.2,-51.43
-159.1,-47.24
-159,-51.91
-158.9,-52.87
-158.8,-50.96
-158.7,-45.8
-158.6,-45.41
-158.5,-44.84
-158.4,-42.32
-158.3,-43.74
-158.2,-46.46
-158.1,-41.38
-158,-44.79
-157.9,-45.95
-157.8,-41.23
-157.7,-41.77
-157.6,-43.15
-157.5,-42.23
-157.4,-40.17
-157.3,-42.18
-157.2,-38.01
-157.1,-43.72
-157,-41.46
-156.9,-45.39
-156.8,-41.56
-156.7,-44.04
-156.6,-42.59
-156.5,-41.65
-156.4,-44.77
-156.3,-43.22
-156.2,-42.34
-156.1,-46.88
-156,-43.95
-155.9,-42.55
-155.8,-42.31
-155.7,-45.11
-155.6,-49.99
-155.5,-50.53
-155.4,-43.89
-155.3,-48.45
-155.2,-50.89
-155.1,-43.83
-155,-49.45
-154.9,-45.93
-154.8,-41.54
-154.7,-53.68
-154.6,-47.83
-154.5,-48.67
-154.4,-44.98
-154.3,-43.94
-154.2,-44.97
-154.1,-46.22
-154,-46.94
-153.9,-44.59
-153.8,-43.7
-153.7,-46.74
-153.6,-44.41
-153.5,-44.89
-153.4,-45.84
-153.3,-45.67
-153.2,-47.8
-153.1,-47.19
-153,-44.44
-152.9,-45.95
-152.8,-42.01
-152.7,-45.61
-152.6,-50.09
-152.5,-44.04
-152.4,-60.77
-152.3,-47.58
-152.2,-46.87
-152.1,-46.84
-152,-48.6
-151.9,-49.19
-151.8,-47.71
-151.7,-46.2
-151.6,-44.81
-151.5,-42.62
-151.4,-45.89
-151.3,-45.46
-151.2,-44.51
-151.1,-43.86
-151,-46.87
-150.9,-42.08
-150.8,-44.76
-150.7,-40.84
-150.6,-42.1
-150.5,-39.27
-150.4,-42.02
-150.3,-42.6
-150.2,-39.89
-150.1,-43.01
-150,-43.15
-149.9,-43
-149.8,-42.35
-149.7,-41.72
-149.6,-46.32
-149.5,-41.2
-149.4,-43.79
-149.3,-44
-149.2,-39.97
-149.1,-45.64
-149,-44.69
-148.9,-43.1
-148.8,-45.09
-148.7,-44.23
-148.6,-45.74
-148.5,-41.28
-148.4,-45.38
-148.3,-46.41
-148.2,-45.11
-148.1,-44.37
-148,-41.26
-147.9,-41.09
-147.8,-43.05
-147.7,-49.25
-147.6,-50.47
-147.5,-51.16
-147.4,-49.71
-147.3,-50.01
-147.2,-44.42
-147.1,-52
-147,-60.78
-146.9,-50.86
-146.8,-47.7
-146.7,-59.81
-146.6,-50.04
-146.5,-49.33
-146.4,-52.88
-146.3,-53.9
-146.2,-45.29
-146.1,-49.13
-146,-49.68
-145.9,-48.95
-145.8,-53.81
-145.7,-48.55
-145.6,-52.92
-145.5,-47.93
-145.4,-48.43
-145.3,-55.72
-145.2,-47.3
-145.1,-50.68
-145,-48.29
-144.9,-53.33
-144.8,-49.3
-144.7,-48.41
-144.6,-46.07
-144.5,-46.63
-144.4,-41.89
-144.3,-44.63
-144.2,-46.38
-144.1,-46.2
-144,-46.4
-143.9,-45.53
-143.8,-47.09
-143.7,-45.81
-143.6,-45.19
-143.5,-48.21
-143.4,-47.32
-143.3,-56.78
-143.2,-45.12
-143.1,-47.26
-143,-48
-142.9,-49.2
-142.8,-60.39
-142.7,-45.74
-142.6,-45.39
-142.5,-57.83
-142.4,-50.08
-142.3,-47.6
-142.2,-45.98
-142.1,-49.03
-142,-47.9
-141.9,-57.15
-141.8,-49.48
-141.7,-46.53
-141.6,-49.6
-141.5,-48.02
-141.4,-44.01
-141.3,-45.93
-141.2,-48.15
-141.1,-45.16
-141,-44.64
-140.9,-46.07
-140.8,-47.59
-140.7,-46.68
-140.6,-45.76
-140.5,-44.99
-140.4,-44.07
-140.3,-45.76
-140.2,-42.95
-140.1,-43.56
-140,-43.28
-139.9,-50.67
-139.8,-50.61
-139.7,-48.2
-139.6,-49.21
-139.5,-51.03
-139.4,-53.17
-139.3,-43.21
-139.2,-44.11
-139.1,-54.55
-139,-51.53
-138.9,-53.59
-138.8,-53.27
-138.7,-49.9
-138.6,-55.14
-138.5,-56.63
-138.4,-53.45
-138.3,-48.44
-138.2,-56.56
-138.1,-56.82
-138,-51.02
-137.9,-46.18
-137.8,-57.74
-137.7,-56.96
-137.6,-46.83
-137.5,-48.63
-137.4,-50.18
-137.3,-53.93
-137.2,-50.06
-137.1,-42.43
-137,-44.59
-136.9,-43.32
-136.8,-46.42
-136.7,-40.88
-136.6,-47.33
-136.5,-43.99
-136.4,-39.03
-136.3,-42.13
-136.2,-40.71
-136.1,-41.13
-136,-46.65
-135.9,-44.54
-135.8,-40.86
-135.7,-45.27
-135.6,-44.57
-135.5,-51.37
-135.4,-49.91
-135.3,-45.92
-135.2,-50.03
-135.1,-45.78
-135,-45.96
-134.9,-52.71
-134.8,-49.16
-134.7,-57.63
-134.6,-53.81
-134.5,-56.89
-134.4,-50.79
-134.3,-60.26
-134.2,-46.16
-134.1,-50.49
-134,-57.15
-133.9,-48.23
-133.8,-51.07
-133.7,-52.56
-133.6,-47.79
-133.5,-50.57
-133.4,-52.11
-133.3,-48.43
-133.2,-43.46
-133.1,-46.97
-133,-45.15
-132.9,-42.93
-132.8,-48.82
-132.7,-43.65
-132.6,-45.72
-132.5,-46.84
-132.4,-44.06
-132.3,-45.9
-132.2,-52.81
-132.1,-47.92
-132,-47.04
-131.9,-47.22
-131.8,-42.53
-131.7,-45.4
-131.6,-41.94
-131.5,-44.38
-131.4,-46.99
-131.3,-58.39
-131.2,-44.42
-131.1,-44.31
-131,-40.15
-130.9,-43.9
-130.8,-46.13
-130.7,-43.97
-130.6,-43.52
-130.5,-43.8
-130.4,-43.95
-130.3,-48.39
-130.2,-44.36
-130.1,-44.49
-130,-44.46
-129.9,-45.93
-129.8,-42.46
-129.7,-43.87
-129.6,-40.55
-129.5,-48.04
-129.4,-45.12
-129.3,-44.16
-129.2,-45.73
-129.1,-49.09
-129,-47.45
-128.9,-45.99
-128.8,-45.44
-128.7,-48.98
-128.6,-50.45
-128.5,-50.78
-128.4,-57.31
-128.3,-49.76
-128.2,-56
-128.1,-46.81
-128,-52.29
-127.9,-53.73
-127.8,-48.83
-127.7,-44.04
-127.6,-52
-127.5,-49.36
-127.4,-45.78
-127.3,-50.37
-127.2,-55.22
-127.1,-46.43
-127,-48.82
-126.9,-56.95
-126.8,-50.12
-126.7,-51.9
-126.6,-47.97
-126.5,-49.28
-126.4,-46.45
-126.3,-52.51
-126.2,-47.27
-126.1,-49.62
-126,-50.01
-125.9,-54.44
-125.8,-51.47
-125.7,-52.62
-125.6,-48.19
-125.5,-54.99
-125.4,-49.18
-125.3,-50.39
-125.2,-46.02
-125.1,-51.32
-125,-45.82
-124.9,-52.43
-124.8,-50.71
-124.7,-44.56
-124.6,-49.56
-124.5,-44.35
-124.4,-43.92
-124.3,-45.02
-124.2,-49.56
-124.1,-45.17
-124,-45.53
-123.9,-45.16
-123.8,-46.81
-123.7,-42.93
-123.6,-44.25
-123.5,-43.73
-123.4,-43.89
-123.3,-45.26
-123.2,-45.44
-123.1,-47.62
-123,-44.19
-122.9,-46.34
-122.8,-45.51
-122.7,-43.49
-122.6,-42.66
-122.5,-45.09
-122.4,-46.41
-122.3,-47.32
-122.2,-44.44
-122.1,-48.75
-122,-54.77
-121.9,-48.55
-121.8,-48.27
-121.7,-55.74
-121.6,-52.52
-121.5,-53.06
-121.4,-46.49
-121.3,-45.86
-121.2,-45.97
-121.1,-46.45
-121,-47.23
-120.9,-45.92
-120.8,-43.61
-120.7,-41.25
-120.6,-41.48
-120.5,-43.83
-120.4,-38.12
-120.3,-42.25
-120.2,-43.68
-120.1,-44.12
-120,-44.86
-119.9,-47.96
-119.8,-47.54
-119.7,-47.7
-119.6,-44.1
-119.5,-51.22
-119.4,-46.24
-119.3,-48.66
-119.2,-67
-119.1,-54.59
-119,-76.46
-118.9,-58.27
-118.8,-49.41
-118.7,-46.33
-118.6,-46.67
-118.5,-47.31
-118.4,-47.84
-118.3,-46.88
-118.2,-50.34
-118.1,-43.37
-118,-45.72
-117.9,-45.6
-117.8,-43.96
-117.7,-44.23
-117.6,-42.7
-117.5,-41.7
-117.4,-41.79
-117.3,-43.03
-117.2,-43.51
-117.1,-39.68
-117,-42.76
-116.9,-41.45
-116.8,-40.44
-116.7,-44.81
-116.6,-42.66
-116.5,-41.73
-116.4,-44.94
-116.3,-41.05
-116.2,-43.23
-116.1,-42.22
-116,-41.55
-115.9,-43.66
-115.8,-43.31
-115.7,-44.37
-115.6,-42.9
-115.5,-45.92
-115.4,-42.65
-115.3,-42.71
-115.2,-42.21
-115.1,-42.46
-115,-44.53
-114.9,-46
-114.8,-50.19
-114.7,-50.7
-114.6,-48.25
-114.5,-47.36
-114.4,-42.9
-114.3,-44.67
-114.2,-46.2
-114.1,-45.09
-114,-43.83
-113.9,-43.78
-113.8,-44.01
-113.7,-42.6
-113.6,-40
-113.5,-41.74
-113.4,-42.24
-113.3,-43.92
-113.2,-45.72
-113.1,-42.01
-113,-45.54
-112.9,-43.49
-112.8,-44.42
-112.7,-45.42
-112.6,-44.11
-112.5,-48.33
-112.4,-48.55
-112.3,-47.8
-112.2,-44.75
-112.1,-44.42
-112,-42.55
-111.9,-41.28
-111.8,-41.77
-111.7,-45.4
-111.6,-45.87
-111.5,-40.45
-111.4,-44.8
-111.3,-38.89
-111.2,-38.97
-111.1,-41.06
-111,-39.2
-110.9,-41.26
-110.8,-43.85
-110.7,-43.16
-110.6,-43.65
-110.5,-41.22
-110.4,-44.75
-110.3,-40.17
-110.2,-49.39
-110.1,-43.74
-110,-50.73
-109.9,-45.97
-109.8,-41.44
-109.7,-39.82
-109.6,-42.13
-109.5,-42.81
-109.4,-39.26
-109.3,-41.01
-109.2,-39.54
-109.1,-43.82
-109,-43.28
-108.9,-42.65
-108.8,-39.03
-108.7,-40.9
-108.6,-40.62
-108.5,-43.87
-108.4,-45.55
-108.3,-42.48
-108.2,-43.11
-108.1,-42
-108,-42.21
-107.9,-44.59
-107.8,-40.5
-107.7,-40.53
-107.6,-40.57
-107.5,-40.57
-107.4,-39.45
-107.3,-38.57
-107.2,-39.21
-107.1,-37.47
-107,-39.63
-106.9,-38.74
-106.8,-38.44
-106.7,-38.21
-106.6,-37.47
-106.5,-38.25
-106.4,-39.28
-106.3,-38.81
-106.2,-37.51
-106.1,-39.01
-106,-40.16
-105.9,-40.44
-105.8,-41.15
-105.7,-36.77
-105.6,-38.6
-105.5,-40.69
-105.4,-39.06
-105.3,-39.99
-105.2,-38.32
-105.1,-40.13
-105,-39.73
-104.9,-42.01
-104.8,-39.83
-104.7,-38.66
-104.6,-40.25
-104.5,-39.48
-104.4,-43.78
-104.3,-43.79
-104.2,-40.92
-104.1,-40.33
-104,-40.46
-103.9,-41.7
-103.8,-41.43
-103.7,-39.74
-103.6,-39.16
-103.5,-40.37
-103.4,-41.48
-103.3,-39.94
-103.2,-42.98
-103.1,-40.11
-103,-38.59
-102.9,-43.18
-102.8,-41.14
-102.7,-40.48
-102.6,-40.42
-102.5,-40.97
-102.4,-38.29
-102.3,-37.85
-102.2,-36.71
-102.1,-39.32
-102,-38.66
-101.9,-43.77
-101.8,-38.99
-101.7,-41.35
-101.6,-40.16
-101.5,-38.41
-101.4,-37.01
-101.3,-36.4
-101.2,-37.28
-101.1,-38.02
-101,-38.02
-100.9,-39.42
-100.8,-38.11
-100.7,-40.42
-100.6,-40.28
-100.5,-36.99
-100.4,-38.14
-100.3,-39.49
-100.2,-39.62
-100.1,-40.62
-100,-41.92
-99.9,-39.12
-99.8,-41.59
-99.7,-39.07
-99.6,-39.85
-99.5,-39.1
-99.4,-40.47
-99.3,-39.6
-99.2,-38.73
-99.1,-38.76
-99,-36.91
-98.9,-39.19
-98.8,-39.81
-98.7,-37.91
-98.6,-39.33
-98.5,-38.5
-98.4,-37.43
-98.3,-37.55
-98.2,-37.73
-98.1,-38.12
-98,-36.68
-97.9,-37.08
-97.8,-36.89
-97.7,-36.41
-97.6,-37.11
-97.5,-36.57
-97.4,-36.81
-97.3,-36.68
-97.2,-36.56
-97.1,-37.62
-97,-40.05
-96.9,-39.15
-96.8,-39.43
-96.7,-38.27
-96.6,-38.41
-96.5,-37.94
-96.4,-35.96
-96.3,-35.66
-96.2,-38.32
-96.1,-39.32
-96,-38.69
-95.9,-36.35
-95.8,-37.02
-95.7,-36.85
-95.6,-35.59
-95.5,-37.3
-95.4,-36.9
-95.3,-38.06
-95.2,-38.92
-95.1,-38.05
-95,-41.69
-94.9,-38.92
-94.8,-39.53
-94.7,-40.44
-94.6,-38.66
-94.5,-37.88
-94.4,-38.9
-94.3,-37.55
-94.2,-38.04
-94.1,-40.74
-94,-42.97
-93.9,-39.27
-93.8,-41.68
-93.7,-40.55
-93.6,-39.14
-93.5,-38.25
-93.4,-39.69
-93.3,-39.52
-93.2,-36.63
-93.1,-39.26
-93,-40.33
-92.9,-40.63
-92.8,-39.67
-92.7,-40.54
-92.6,-39.71
-92.5,-39.85
-92.4,-41.26
-92.3,-42.88
-92.2,-41.41
-92.1,-38.94
-92,-42.04
-91.9,-42.07
-91.8,-40.73
-91.7,-42.24
-91.6,-40.9
-91.5,-40.64
-91.4,-41.57
-91.3,-42.53
-91.2,-40.2
-91.1,-40.15
-91,-43.53
-90.9,-41.19
-90.8,-40.81
-90.7,-40.78
-90.6,-42.05
-90.5,-43.45
-90.4,-43.58
-90.3,-41.13
-90.2,-40.99
-90.1,-46.3
-90,-43.62
-89.9,-45.33
-89.8,-41.16
-89.7,-42.75
-89.6,-48.17
-89.5,-43.38
-89.4,-45.18
-89.3,-44.27
-89.2,-45.68
-89.1,-44.74
-89,-44.45
-88.9,-42.11
-88.8,-45.32
-88.7,-44.07
-88.6,-47.58
-88.5,-44.91
-88.4,-42.86
-88.3,-40.09
-88.2,-42.11
-88.1,-43.89
-88,-41.64
-87.9,-40.78
-87.8,-40.62
-87.7,-42.72
-87.6,-41.19
-87.5,-43.69
-87.4,-41.07
-87.3,-42.51
-87.2,-42.79
-87.1,-46.15
-87,-50.63
-86.9,-45.11
-86.8,-40.19
-86.7,-41.28
-86.6,-45.65
-86.5,-45.76
-86.4,-50.78
-86.3,-42.65
-86.2,-46.11
-86.1,-43.21
-86,-45.47
-85.9,-40.55
-85.8,-42.64
-85.7,-40.94
-85.6,-41.89
-85.5,-47.02
-85.4,-47.63
-85.3,-43.83
-85.2,-47.82
-85.1,-50.96
-85,-42.79
-84.9,-53.08
-84.8,-55.04
-84.7,-44.57
-84.6,-47.37
-84.5,-44.56
-84.4,-47.81
-84.3,-44.88
-84.2,-44.21
-84.1,-44.63
-84,-46.57
-83.9,-43.91
-83.8,-41.85
-83.7,-43.22
-83.6,-40.39
-83.5,-42.14
-83.4,-41.52
-83.3,-40.23
-83.2,-43.59
-83.1,-41.18
-83,-46.76
-82.9,-45.14
-82.8,-47.1
-82.7,-48.69
-82.6,-46.84
-82.5,-47
-82.4,-43.32
-82.3,-40.74
-82.2,-43.08
-82.1,-41.57
-82,-44.73
-81.9,-45.9
-81.8,-44.86
-81.7,-47.64
-81.6,-45.2
-81.5,-44.14
-81.4,-43.85
-81.3,-42.08
-81.2,-41.79
-81.1,-42.23
-81,-42
-80.9,-42.28
-80.8,-52.78
-80.7,-40.96
-80.6,-49.67
-80.5,-40.13
-80.4,-44.09
-80.3,-40.92
-80.2,-42.17
-80.1,-44.57
-80,-49.35
-79.9,-44.33
-79.8,-50.21
-79.7,-42.78
-79.6,-41.95
-79.5,-42.42
-79.4,-45.11
-79.3,-43.92
-79.2,-44.26
-79.1,-47.62
-79,-42.51
-78.9,-49.33
-78.8,-51.34
-78.7,-44.8
-78.6,-47.52
-78.5,-41.98
-78.4,-42.51
-78.3,-50.08
-78.2,-49.4
-78.1,-44.41
-78,-50.18
-77.9,-46.29
-77.8,-46.76
-77.7,-43.12
-77.6,-45.78
-77.5,-44.39
-77.4,-45.68
-77.3,-46.84
-77.2,-46.93
-77.1,-44.12
-77,-44.39
-76.9,-44.25
-76.8,-41.46
-76.7,-44.05
-76.6,-49.4
-76.5,-44.87
-76.4,-44.44
-76.3,-44.53
-76.2,-47.93
-76.1,-47.86
-76,-47.69
-75.9,-49.41
-75.8,-48.85
-75.7,-43.31
-75.6,-44.87
-75.5,-46.84
-75.4,-44.02
-75.3,-46.59
-75.2,-45.21
-75.1,-41.85
-75,-39.59
-74.9,-43.27
-74.8,-41.94
-74.7,-44.57
-74.6,-42.82
-74.5,-42.87
-74.4,-40.94
-74.3,-44.23
-74.2,-39.89
-74.1,-39.41
-74,-41.9
-73.9,-41.14
-73.8,-40.81
-73.7,-44.56
-73.6,-45.08
-73.5,-42.02
-73.4,-44.32
-73.3,-51.22
-73.2,-43.51
-73.1,-48.75
-73,-45.41
-72.9,-48.13
-72.8,-50.65
-72.7,-50.23
-72.6,-48.62
-72.5,-46.33
-72.4,-45.51
-72.3,-43.68
-72.2,-44.83
-72.1,-43.5
-72,-46.44
-71.9,-46.44
-71.8,-45.04
-71.7,-47.31
-71.6,-57.85
-71.5,-48.8
-71.4,-48.43
-71.3,-65.35
-71.2,-50.72
-71.1,-57.41
-71,-49.57
-70.9,-45.94
-70.8,-46.85
-70.7,-49
-70.6,-50.71
-70.5,-54.19
-70.4,-48.5
-70.3,-51.41
-70.2,-49.66
-70.1,-44.98
-70,-46.93
-69.9,-42.56
-69.8,-45.34
-69.7,-43.48
-69.6,-40.39
-69.5,-43.63
-69.4,-46.87
-69.3,-47.46
-69.2,-49.03
-69.1,-44.91
-69,-46.05
-68.9,-48.54
-68.8,-48.14
-68.7,-56.42
-68.6,-45.77
-68.5,-43.37
-68.4,-47.31
-68.3,-45.74
-68.2,-48.06
-68.1,-55.92
-68,-54.79
-67.9,-49.58
-67.8,-51.69
-67.7,-59.69
-67.6,-48.7
-67.5,-48.92
-67.4,-58.02
-67.3,-48.95
-67.2,-50
-67.1,-55.78
-67,-51.59
-66.9,-50.97
-66.8,-45.36
-66.7,-43.37
-66.6,-45.58
-66.5,-42.11
-66.4,-41.7
-66.3,-42.28
-66.2,-43.77
-66.1,-42.92
-66,-44.03
-65.9,-47.38
-65.8,-48.75
-65.7,-44.27
-65.6,-48.38
-65.5,-50.29
-65.4,-50.29
-65.3,-47.34
-65.2,-43.57
-65.1,-50.92
-65,-46.56
-64.9,-48.89
-64.8,-52.47
-64.7,-48.13
-64.6,-48.01
-64.5,-53.67
-64.4,-49.16
-64.3,-56.06
-64.2,-51.06
-64.1,-49.86
-64,-51.08
-63.9,-52.61
-63.8,-60.12
-63.7,-53.31
-63.6,-58.97
-63.5,-51.99
-63.4,-53.73
-63.3,-48.71
-63.2,-56.04
-63.1,-50.33
-63,-54.36
-62.9,-50.83
-62.8,-50.5
-62.7,-43.28
-62.6,-43.16
-62.5,-45.59
-62.4,-43.58
-62.3,-46.16
-62.2,-57.86
-62.1,-49.99
-62,-51.17
-61.9,-53.46
-61.8,-58.94
-61.7,-48.04
-61.6,-48.45
-61.5,-44.89
-61.4,-42.91
-61.3,-44.23
-61.2,-46.88
-61.1,-46.9
-61,-76.65
-60.9,-49.35
-60.8,-48.24
-60.7,-58.29
-60.6,-56.52
-60.5,-41.16
-60.4,-44.39
-60.3,-45.88
-60.2,-48.99
-60.1,-45.45
-60,-51.32
-59.9,-44.38
-59.8,-53.92
-59.7,-48.07
-59.6,-46.7
-59.5,-53.55
-59.4,-54.05
-59.3,-61.64
-59.2,-47.51
-59.1,-55.86
-59,-47.37
-58.9,-48.48
-58.8,-47.22
-58.7,-43.73
-58.6,-43.87
-58.5,-48.79
-58.4,-48.14
-58.3,-46.71
-58.2,-44.89
-58.1,-53
-58,-42.39
-57.9,-56.52
-57.8,-53.85
-57.7,-56.48
-57.6,-52.67
-57.5,-47.79
-57.4,-54.45
-57.3,-47.71
-57.2,-47.75
-57.1,-50.58
-57,-54.12
-56.9,-48.45
-56.8,-52.86
-56.7,-54.73
-56.6,-51.67
-56.5,-52.27
-56.4,-52.11
-56.3,-48.83
-56.2,-51.86
-56.1,-46.88
-56,-47.43
-55.9,-50.4
-55.8,-49.72
-55.7,-44.6
-55.6,-52.51
-55.5,-47.51
-55.4,-54.73
-55.3,-47.7
-55.2,-46.25
-55.1,-50.42
-55,-54.59
-54.9,-49.95
-54.8,-46.99
-54.7,-49.08
-54.6,-51.78
-54.5,-52.12
-54.4,-48.78
-54.3,-50.1
-54.2,-54.16
-54.1,-46.59
-54,-45.92
-53.9,-50.56
-53.8,-48.13
-53.7,-41.51
-53.6,-46.89
-53.5,-40.8
-53.4,-43.61
-53.3,-44.32
-53.2,-45.75
-53.1,-45.46
-53,-41.87
-52.9,-46.75
-52.8,-47.15
-52.7,-43.57
-52.6,-44.76
-52.5,-42.9
-52.4,-44.71
-52.3,-47.48
-52.2,-45.82
-52.1,-45.84
-52,-53.9
-51.9,-49.35
-51.8,-64.33
-51.7,-48.53
-51.6,-53.89
-51.5,-53.26
-51.4,-45.91
-51.3,-49.6
-51.2,-50.49
-51.1,-47.44
-51,-53.42
-50.9,-51.67
-50.8,-44.61
-50.7,-48.34
-50.6,-47.93
-50.5,-44.42
-50.4,-45.2
-50.3,-42.09
-50.2,-42.29
-50.1,-46.91
-50,-44.22
-49.9,-47.19
-49.8,-48.04
-49.7,-48.67
-49.6,-48.02
-49.5,-53.31
-49.4,-59.62
-49.3,-46.44
-49.2,-54.3
-49.1,-60.96
-49,-49.83
-48.9,-49.94
-48.8,-52.66
-48.7,-53.94
-48.6,-56.8
-48.5,-53.76
-48.4,-57.34
-48.3,-65.14
-48.2,-47.71
-48.1,-51.6
-48,-49.08
-47.9,-47.47
-47.8,-53.12
-47.7,-50.16
-47.6,-52.49
-47.5,-45.14
-47.4,-49.24
-47.3,-60.67
-47.2,-49.78
-47.1,-47.26
-47,-44.87
-46.9,-47.2
-46.8,-55.06
-46.7,-52.6
-46.6,-47.07
-46.5,-44.75
-46.4,-46.59
-46.3,-47.08
-46.2,-56.44
-46.1,-51.33
-46,-68.96
-45.9,-54
-45.8,-47.51
-45.7,-58.18
-45.6,-52.85
-45.5,-47.47
-45.4,-54.35
-45.3,-59.99
-45.2,-53.11
-45.1,-54.88
-45,-50.61
-44.9,-46.8
-44.8,-49.91
-44.7,-49.84
-44.6,-47.53
-44.5,-53.23
-44.4,-55.32
-44.3,-67.32
-44.2,-57.13
-44.1,-51.05
-44,-50.98
-43.9,-60.48
-43.8,-50.75
-43.7,-44.77
-43.6,-48.03
-43.5,-47.45
-43.4,-49.59
-43.3,-48.83
-43.2,-43.67
-43.1,-73.3
-43,-47.95
-42.9,-45.21
-42.8,-53.73
-42.7,-55.49
-42.6,-47.42
-42.5,-46.77
-42.4,-50.52
-42.3,-52.21
-42.2,-49.41
-42.1,-46.17
-42,-45.3
-41.9,-44.68
-41.8,-41.81
-41.7,-46.85
-41.6,-45.87
-41.5,-44.37
-41.4,-50.37
-41.3,-54.31
-41.2,-54.36
-41.1,-48.59
-41,-63.9
-40.9,-46.11
-40.8,-57.92
-40.7,-51.14
-40.6,-65.02
-40.5,-63.36
-40.4,-57.69
-40.3,-46.77
-40.2,-54.79
-40.1,-46.53
-40,-44.45
-39.9,-57.52
-39.8,-45.84
-39.7,-59.8
-39.6,-58.38
-39.5,-55.8
-39.4,-55.71
-39.3,-52.85
-39.2,-51.02
-39.1,-49.25
-39,-53.11
-38.9,-46.62
-38.8,-48.86
-38.7,-53.24
-38.6,-59.73
-38.5,-56.52
-38.4,-57.04
-38.3,-55.61
-38.2,-52.15
-38.1,-45.09
-38,-50.08
-37.9,-53.08
-37.8,-46.29
-37.7,-49.84
-37.6,-49.06
-37.5,-55.66
-37.4,-45.17
-37.3,-47.17
-37.2,-48.79
-37.1,-43.86
-37,-46.56
-36.9,-46.37
-36.8,-47.87
-36.7,-43.77
-36.6,-43.03
-36.5,-42
-36.4,-42.14
-36.3,-43.55
-36.2,-45.8
-36.1,-47.97
-36,-45.55
-35.9,-49.7
-35.8,-57.89
-35.7,-62.55
-35.6,-52.11
-35.5,-52.15
-35.4,-66.33
-35.3,-58.23
-35.2,-60.59
-35.1,-48.75
-35,-58.36
-34.9,-53.86
-34.8,-66.9
-34.7,-54.62
-34.6,-48.65
-34.5,-63.25
-34.4,-64.15
-34.3,-51.28
-34.2,-56.16
-34.1,-54.72
-34,-51.02
-33.9,-49.41
-33.8,-43.31
-33.7,-48.73
-33.6,-45.94
-33.5,-46.29
-33.4,-46.34
-33.3,-48.35
-33.2,-60.78
-33.1,-58.58
-33,-58.97
-32.9,-48.02
-32.8,-45.85
-32.7,-44.49
-32.6,-42.18
-32.5,-45.28
-32.4,-40.78
-32.3,-39.52
-32.2,-40.32
-32.1,-41.96
-32,-39.71
-31.9,-40.75
-31.8,-41.46
-31.7,-45.57
-31.6,-43.28
-31.5,-43.56
-31.4,-42.38
-31.3,-60.03
-31.2,-45.59
-31.1,-49.15
-31,-47.6
-30.9,-53.01
-30.8,-47.09
-30.7,-51.79
-30.6,-62.01
-30.5,-47.3
-30.4,-55.61
-30.3,-42.95
-30.2,-42.13
-30.1,-43.63
-30,-44.86
-29.9,-44.82
-29.8,-42.19
-29.7,-42.99
-29.6,-46.32
-29.5,-48.6
-29.4,-44.6
-29.3,-50.97
-29.2,-51.08
-29.1,-42.95
-29,-48.21
-28.9,-44.77
-28.8,-45.27
-28.7,-42.69
-28.6,-45.81
-28.5,-45
-28.4,-45.31
-28.3,-43.02
-28.2,-50.51
-28.1,-45.17
-28,-46.71
-27.9,-49.99
-27.8,-49.29
-27.7,-52.68
-27.6,-51.09
-27.5,-48.18
-27.4,-42.03
-27.3,-42.95
-27.2,-43.93
-27.1,-39.6
-27,-41.98
-26.9,-40.78
-26.8,-46.77
-26.7,-44.12
-26.6,-44.65
-26.5,-51.79
-26.4,-47.67
-26.3,-52.65
-26.2,-49.53
-26.1,-60.12
-26,-42.58
-25.9,-42.83
-25.8,-42.01
-25.7,-40.38
-25.6,-40.49
-25.5,-38.85
-25.4,-41.59
-25.3,-39.58
-25.2,-44.76
-25.1,-45.21
-25,-46.88
-24.9,-44.74
-24.8,-47.17
-24.7,-45.9
-24.6,-45.95
-24.5,-48.65
-24.4,-51.42
-24.3,-52.56
-24.2,-56.13
-24.1,-53.08
-24,-52.71
-23.9,-49.75
-23.8,-58.63
-23.7,-50.43
-23.6,-44.21
-23.5,-44.12
-23.4,-43.35
-23.3,-43.95
-23.2,-43.46
-23.1,-41.19
-23,-39.35
-22.9,-43.36
-22.8,-44.11
-22.7,-43.4
-22.6,-46.04
-22.5,-50.69
-22.4,-46.98
-22.3,-44.59
-22.2,-44.84
-22.1,-44.22
-22,-43.37
-21.9,-42.28
-21.8,-44.93
-21.7,-45.64
-21.6,-52.33
-21.5,-45.39
-21.4,-55.21
-21.3,-49.13
-21.2,-45.75
-21.1,-47.22
-21,-45.82
-20.9,-48.45
-20.8,-42.19
-20.7,-39.64
-20.6,-42.98
-20.5,-43.3
-20.4,-41.71
-20.3,-46.57
-20.2,-50.3
-20.1,-43.13
-20,-55.4
-19.9,-51.29
-19.8,-56.65
-19.7,-49.81
-19.6,-48.02
-19.5,-44.95
-19.4,-46.13
-19.3,-57.6
-19.2,-58.26
-19.1,-63.74
-19,-59.93
-18.9,-51.21
-18.8,-44.73
-18.7,-44.89
-18.6,-41.71
-18.5,-39.32
-18.4,-40.82
-18.3,-39.18
-18.2,-40.84
-18.1,-38.26
-18,-40.92
-17.9,-43.07
-17.8,-43.54
-17.7,-44.64
-17.6,-44.07
-17.5,-43.98
-17.4,-52.02
-17.3,-46.28
-17.2,-46.12
-17.1,-45.62
-17,-46.82
-16.9,-49.25
-16.8,-47.83
-16.7,-47.86
-16.6,-45.55
-16.5,-49.88
-16.4,-48.05
-16.3,-40.05
-16.2,-41.7
-16.1,-40.01
-16,-38.89
-15.9,-38.22
-15.8,-37.69
-15.7,-38.43
-15.6,-38.5
-15.5,-38.22
-15.4,-39.57
-15.3,-38.6
-15.2,-39.86
-15.1,-40.73
-15,-40.86
-14.9,-42.23
-14.8,-40.63
-14.7,-40.55
-14.6,-39.95
-14.5,-41.93
-14.4,-44.03
-14.3,-43.46
-14.2,-45.8
-14.1,-41.04
-14,-40.66
-13.9,-38.72
-13.8,-39.3
-13.7,-35.2
-13.6,-34.32
-13.5,-34.64
-13.4,-34.71
-13.3,-34.25
-13.2,-33.73
-13.1,-35.48
-13,-35.88
-12.9,-35.41
-12.8,-35.24
-12.7,-35.37
-12.6,-38.17
-12.5,-37.76
-12.4,-37.2
-12.3,-38.1
-12.2,-41.39
-12.1,-40.02
-12,-42.8
-11.9,-47.24
-11.8,-45.66
-11.7,-48.54
-11.6,-45.67
-11.5,-42.83
-11.4,-42.7
-11.3,-38.6
-11.2,-39.79
-11.1,-39.04
-11,-36.8
-10.9,-39.32
-10.8,-44.15
-10.7,-44.66
-10.6,-43.96
-10.5,-57.51
-10.4,-50.3
-10.3,-49.7
-10.2,-43.57
-10.1,-43.09
-10,-45.74
-9.9,-46.26
-9.8,-44.18
-9.7,-44.18
-9.6,-42.32
-9.5,-42.86
-9.4,-40.18
-9.3,-37.24
-9.2,-36.35
-9.1,-34.83
-9,-34.7
-8.9,-33.62
-8.8,-33.43
-8.7,-33.79
-8.6,-34.72
-8.5,-36.64
-8.4,-37.12
-8.3,-41.76
-8.2,-44.42
-8.1,-45.37
-8,-46.3
-7.9,-43.23
-7.8,-39.32
-7.7,-37.74
-7.6,-36.63
-7.5,-35.1
-7.4,-34.93
-7.3,-35.94
-7.2,-37.34
-7.1,-35.68
-7,-35.13
-6.9,-35.43
-6.8,-35.17
-6.7,-33.45
-6.6,-33.35
-6.5,-32.06
-6.4,-32.33
-6.3,-34.36
-6.2,-34.6
-6.1,-34.75
-6,-36.5
-5.9,-36.95
-5.8,-37.58
-5.7,-36.02
-5.6,-35.15
-5.5,-34.3
-5.4,-32.68
-5.3,-33.02
-5.2,-33.83
-5.1,-35.48
-5,-39.28
-4.9,-46.54
-4.8,-51.12
-4.7,-41.24
-4.6,-34.22
-4.5,-32.76
-4.4,-31.55
-4.3,-29.55
-4.2,-29.53
-4.1,-29.22
-4,-30.09
-3.9,-30.53
-3.8,-32.57
-3.7,-38.3
-3.6,-43.69
-3.5,-43.73
-3.4,-35.84
-3.3,-32.19
-3.2,-30.96
-3.1,-29.11
-3,-29.46
-2.9,-29.39
-2.8,-30.86
-2.7,-34.38
-2.6,-41.62
-2.5,-39.77
-2.4,-31.39
-2.3,-26.78
-2.2,-23.25
-2.1,-20.81
-2,-19.16
-1.9,-17.68
-1.8,-16.27
-1.7,-15.07
-1.6,-13.9
-1.5,-12.61
-1.4,-11.19
-1.3,-9.83
-1.2,-8.59
-1.1,-7.31
-1,-6.13
-0.9,-4.97
-0.8,-3.9
-0.7,-3.04
-0.6,-2.23
-0.5,-1.58
-0.4,-1.06
-0.3,-0.59
-0.2,-0.28
-0.1,-0.09
0,0
0.1,-0.04
0.2,-0.23
0.3,-0.46
0.4,-0.82
0.5,-1.37
0.6,-1.96
0.7,-2.7
0.8,-3.53
0.9,-4.41
1,-5.49
1.1,-6.56
1.2,-7.81
1.3,-9.08
1.4,-10.38
1.5,-11.65
1.6,-12.98
1.7,-14.09
1.8,-15.44
1.9,-16.8
2,-18.52
2.1,-20.41
2.2,-22.43
2.3,-25.69
2.4,-29.29
2.5,-37.83
2.6,-49.96
2.7,-38
2.8,-32.34
2.9,-29.78
3,-29.8
3.1,-29.08
3.2,-30.13
3.3,-31.62
3.4,-33.89
3.5,-38.12
3.6,-46.75
3.7,-44.59
3.8,-38.85
3.9,-37.54
4,-34.02
4.1,-32.97
4.2,-32.44
4.3,-33.35
4.4,-32.89
4.5,-35.5
4.6,-36.2
4.7,-37.8
4.8,-38.09
4.9,-41.22
5,-42.17
5.1,-41.07
5.2,-38.99
5.3,-38.14
5.4,-37.34
5.5,-35.56
5.6,-35.19
5.7,-32.21
5.8,-30.65
5.9,-29.76
6,-28.95
6.1,-28.1
6.2,-28.27
6.3,-27.85
6.4,-27.88
6.5,-28.5
6.6,-29.76
6.7,-29.98
6.8,-32.79
6.9,-35.3
7,-37.95
7.1,-38.61
7.2,-46.16
7.3,-45.61
7.4,-45.36
7.5,-42.02
7.6,-40.76
7.7,-40.4
7.8,-42.67
7.9,-43.61
8,-44.42
8.1,-60.14
8.2,-44.56
8.3,-42.07
8.4,-43.43
8.5,-42.36
8.6,-42.71
8.7,-38.98
8.8,-39.41
8.9,-38.71
9,-45.91
9.1,-45.63
9.2,-52.29
9.3,-44.65
9.4,-43.4
9.5,-38.56
9.6,-37.35
9.7,-35.94
9.8,-35.85
9.9,-36.79
10,-35.74
10.1,-36.19
10.2,-39.27
10.3,-38.49
10.4,-37.77
10.5,-41.06
10.6,-47.04
10.7,-48.57
10.8,-46.08
10.9,-47.46
11,-48.54
11.1,-48.58
11.2,-50.91
11.3,-47.88
11.4,-44.94
11.5,-46.65
11.6,-46.16
11.7,-46.7
11.8,-41.82
11.9,-40.96
12,-41.02
12.1,-38.48
12.2,-39.7
12.3,-40.52
12.4,-37.82
12.5,-41.61
12.6,-43.61
12.7,-41.05
12.8,-43.07
12.9,-42.3
13,-42.56
13.1,-39.42
13.2,-39.13
13.3,-38.9
13.4,-39.33
13.5,-41.33
13.6,-42.82
13.7,-40.31
13.8,-43.98
13.9,-42.85
14,-44.5
14.1,-41.81
14.2,-41.3
14.3,-37.94
14.4,-39.97
14.5,-37.67
14.6,-39.91
14.7,-40.82
14.8,-38.69
14.9,-38.8
15,-42.66
15.1,-48.74
15.2,-50.04
15.3,-47.41
15.4,-46.44
15.5,-41.71
15.6,-42.87
15.7,-42.52
15.8,-40.13
15.9,-40.06
16,-40.5
16.1,-45.54
16.2,-46.11
16.3,-44.73
16.4,-44.9
16.5,-53.69
16.6,-47.72
16.7,-40.72
16.8,-43.1
16.9,-41.49
17,-42.11
17.1,-41.86
17.2,-41.85
17.3,-43.72
17.4,-44.95
17.5,-46.52
17.6,-49.01
17.7,-44
17.8,-45.6
17.9,-43.72
18,-43.38
18.1,-40.66
18.2,-39.79
18.3,-43.78
18.4,-41.26
18.5,-58.93
18.6,-58.93
18.7,-58.93
18.8,-60.16
18.9,-51.19
19,-47.89
19.1,-45.85
19.2,-45.95
19.3,-40.72
19.4,-41.15
19.5,-38.93
19.6,-39.51
19.7,-41.17
19.8,-44.59
19.9,-44.04
20,-50.68
20.1,-47.21
20.2,-60.14
20.3,-45.41
20.4,-50.2
20.5,-45.32
20.6,-45.04
20.7,-48.91
20.8,-54.85
20.9,-48.44
21,-49.29
21.1,-56.53
21.2,-44.99
21.3,-47.84
21.4,-47.08
21.5,-39.65
21.6,-41.49
21.7,-40.59
21.8,-37.07
21.9,-38.67
22,-37.49
22.1,-41.96
22.2,-44.73
22.3,-42.32
22.4,-46.62
22.5,-50.36
22.6,-44.62
22.7,-57.64
22.8,-56.5
22.9,-48.34
23,-52.93
23.1,-47.83
23.2,-46.67
23.3,-54.29
23.4,-58.85
23.5,-52.46
23.6,-55.06
23.7,-46.77
23.8,-55.7
23.9,-50.87
24,-41.96
24.1,-43.68
24.2,-45.7
24.3,-45.55
24.4,-43.11
24.5,-44.87
24.6,-52.04
24.7,-53.75
24.8,-55.19
24.9,-51.87
25,-55.22
25.1,-46.39
25.2,-47.1
25.3,-40.11
25.4,-40.59
25.5,-39.66
25.6,-40.28
25.7,-41.64
25.8,-40.77
25.9,-43.17
26,-45.22
26.1,-42.13
26.2,-40.9
26.3,-41.36
26.4,-41.24
26.5,-44.13
26.6,-40.59
26.7,-42.86
26.8,-39.21
26.9,-41.87
27,-40.34
27.1,-38.84
27.2,-38.31
27.3,-41.75
27.4,-41.86
27.5,-42.29
27.6,-46.25
27.7,-42.3
27.8,-43.14
27.9,-47.14
28,-46.17
28.1,-43.84
28.2,-41.6
28.3,-41.41
28.4,-42.97
28.5,-39.6
28.6,-39.59
28.7,-40.07
28.8,-42.54
28.9,-42.79
29,-44.83
29.1,-43.55
29.2,-53.75
29.3,-54.2
29.4,-52.18
29.5,-45.64
29.6,-57.92
29.7,-52.73
29.8,-47.18
29.9,-54.45
30,-46.81
30.1,-55.39
30.2,-48.3
30.3,-46.95
30.4,-41.03
30.5,-45.88
30.6,-42.92
30.7,-44.01
30.8,-46.16
30.9,-43.41
31,-46.08
31.1,-45.47
31.2,-47.8
31.3,-48.09
31.4,-55.87
31.5,-44.21
31.6,-62.93
31.7,-51.83
31.8,-55.04
31.9,-44.7
32,-48.71
32.1,-47.11
32.2,-43.94
32.3,-42.44
32.4,-43.07
32.5,-39.94
32.6,-42.03
32.7,-45.19
32.8,-45.95
32.9,-42.21
33,-40.62
33.1,-40.99
33.2,-42.38
33.3,-39.67
33.4,-41.23
33.5,-42.99
33.6,-41.08
33.7,-39.01
33.8,-39.55
33.9,-46.21
34,-40.74
34.1,-39
34.2,-40.89
34.3,-40.48
34.4,-37.99
34.5,-41.25
34.6,-40.75
34.7,-40.13
34.8,-40.2
34.9,-40.17
35,-38.56
35.1,-41.35
35.2,-38.84
35.3,-42.39
35.4,-43.32
35.5,-40.87
35.6,-41.89
35.7,-41.49
35.8,-43.4
35.9,-41.86
36,-46.03
36.1,-43.52
36.2,-50.03
36.3,-52.69
36.4,-66.62
36.5,-51.95
36.6,-51.13
36.7,-48.03
36.8,-43.16
36.9,-46.76
37,-48.58
37.1,-48.98
37.2,-44.82
37.3,-45.71
37.4,-43.13
37.5,-43.96
37.6,-43.82
37.7,-42.79
37.8,-41.37
37.9,-44.75
38,-41.58
38.1,-44.41
38.2,-42.59
38.3,-44.89
38.4,-44.65
38.5,-42.87
38.6,-50.25
38.7,-48.85
38.8,-50.38
38.9,-47.32
39,-54.37
39.1,-46.12
39.2,-47.05
39.3,-69.43
39.4,-51.2
39.5,-50.5
39.6,-59.26
39.7,-48.23
39.8,-47.61
39.9,-43.58
40,-45.16
40.1,-42.3
40.2,-46.05
40.3,-41.59
40.4,-45.47
40.5,-43.98
40.6,-40.99
40.7,-40.63
40.8,-42.51
40.9,-44.85
41,-43.4
41.1,-45.2
41.2,-50.01
41.3,-46.58
41.4,-83.87
41.5,-54.23
41.6,-54.31
41.7,-50.82
41.8,-48.51
41.9,-50.63
42,-46.03
42.1,-54.67
42.2,-44.35
42.3,-49.05
42.4,-56.97
42.5,-57.06
42.6,-59.3
42.7,-51.79
42.8,-50.66
42.9,-50.03
43,-47.88
43.1,-47.06
43.2,-47.72
43.3,-47.59
43.4,-55.19
43.5,-62.8
43.6,-53.2
43.7,-54.37
43.8,-43.42
43.9,-44.23
44,-48.41
44.1,-43.28
44.2,-44.44
44.3,-43.16
44.4,-43.55
44.5,-43.58
44.6,-44.02
44.7,-43.03
44.8,-43.5
44.9,-45.11
45,-41.88
45.1,-43.34
45.2,-42.1
45.3,-45.23
45.4,-43.3
45.5,-45.9
45.6,-48.11
45.7,-51.49
45.8,-50.96
45.9,-48.52
46,-43.04
46.1,-43.7
46.2,-43.02
46.3,-45.5
46.4,-43.36
46.5,-41.65
46.6,-43.03
46.7,-47.91
46.8,-47.08
46.9,-43.94
47,-43.79
47.1,-41.99
47.2,-43.51
47.3,-42.43
47.4,-44.02
47.5,-41.73
47.6,-43.96
47.7,-44.63
47.8,-45.32
47.9,-45.88
48,-48.18
48.1,-47.26
48.2,-50.04
48.3,-42.8
48.4,-43.87
48.5,-44.11
48.6,-47.3
48.7,-45.51
48.8,-42.95
48.9,-44.28
49,-42.63
49.1,-42.89
49.2,-42.21
49.3,-41.88
49.4,-42.25
49.5,-43.59
49.6,-44.64
49.7,-41.84
49.8,-44.51
49.9,-44.02
50,-52.67
50.1,-43.02
50.2,-42.21
50.3,-43.37
50.4,-41.56
50.5,-39.43
50.6,-40.43
50.7,-38.76
50.8,-40.42
50.9,-40.72
51,-40.24
51.1,-41.08
51.2,-40.23
51.3,-42.38
51.4,-40.84
51.5,-40.91
51.6,-43.21
51.7,-41.13
51.8,-43.97
51.9,-46.3
52,-47.33
52.1,-46.43
52.2,-49.78
52.3,-47.26
52.4,-45.84
52.5,-49.88
52.6,-51.42
52.7,-45.37
52.8,-49.83
52.9,-45.11
53,-45.39
53.1,-43.94
53.2,-43.67
53.3,-43.98
53.4,-40.58
53.5,-40.2
53.6,-42.87
53.7,-45.24
53.8,-46.64
53.9,-43.41
54,-44.41
54.1,-38.75
54.2,-40.84
54.3,-39.91
54.4,-38.96
54.5,-40.09
54.6,-40.59
54.7,-44.16
54.8,-43.36
54.9,-42.39
55,-46.45
55.1,-44.27
55.2,-41.57
55.3,-43.04
55.4,-40.07
55.5,-41.03
55.6,-43.49
55.7,-42.69
55.8,-44.02
55.9,-43.83
56,-51.15
56.1,-57
56.2,-50.02
56.3,-48.83
56.4,-44.67
56.5,-47.12
56.6,-45.76
56.7,-51.18
56.8,-48.75
56.9,-48.47
57,-44.18
57.1,-42.43
57.2,-42.84
57.3,-43.44
57.4,-43.29
57.5,-42.75
57.6,-41.64
57.7,-43.78
57.8,-42.45
57.9,-43.79
58,-40.54
58.1,-44.38
58.2,-45.28
58.3,-44.28
58.4,-49.07
58.5,-47.43
58.6,-45.07
58.7,-41.93
58.8,-43.93
58.9,-41.73
59,-43.05
59.1,-40.97
59.2,-43.23
59.3,-43.72
59.4,-42.57
59.5,-42.43
59.6,-43.37
59.7,-48.03
59.8,-42.17
59.9,-40.49
60,-45.55
60.1,-43.75
60.2,-43.84
60.3,-48.72
60.4,-46.52
60.5,-49.34
60.6,-48.34
60.7,-43.08
60.8,-51
60.9,-48.65
61,-45.09
61.1,-40.96
61.2,-48.92
61.3,-44.07
61.4,-39.87
61.5,-44.39
61.6,-46
61.7,-39.93
61.8,-38.73
61.9,-38.75
62,-42.09
62.1,-40.5
62.2,-42.06
62.3,-44.18
62.4,-43.94
62.5,-42.99
62.6,-42.98
62.7,-43.67
62.8,-43.44
62.9,-41.11
63,-44.98
63.1,-41.89
63.2,-43.04
63.3,-45.84
63.4,-46.51
63.5,-46.52
63.6,-44.76
63.7,-45.73
63.8,-45.57
63.9,-40.13
64,-42.62
64.1,-41.56
64.2,-41.96
64.3,-40.88
64.4,-47.4
64.5,-46.4
64.6,-44.44
64.7,-46.74
64.8,-47.16
64.9,-45.18
65,-47.08
65.1,-53.75
65.2,-47.1
65.3,-47.44
65.4,-44.73
65.5,-45.92
65.6,-43.88
65.7,-42.74
65.8,-41.11
65.9,-45.72
66,-41.89
66.1,-43.06
66.2,-41.39
66.3,-42.75
66.4,-41.89
66.5,-43.14
66.6,-42.75
66.7,-43.53
66.8,-46.25
66.9,-41.09
67,-44.31
67.1,-43.68
67.2,-41.55
67.3,-47.69
67.4,-43.01
67.5,-42.1
67.6,-51.7
67.7,-46.12
67.8,-45.04
67.9,-47.3
68,-61.41
68.1,-44.77
68.2,-44.37
68.3,-44.89
68.4,-41.94
68.5,-42.73
68.6,-46.8
68.7,-41.64
68.8,-41.71
68.9,-39.65
69,-40.52
69.1,-39.37
69.2,-42.33
69.3,-38.5
69.4,-41.48
69.5,-41.3
69.6,-43.58
69.7,-42.15
69.8,-46.43
69.9,-47.69
70,-44.12
70.1,-45.57
70.2,-43.04
70.3,-53.57
70.4,-41.57
70.5,-43.45
70.6,-41.15
70.7,-45.96
70.8,-43.37
70.9,-43.08
71,-39.53
71.1,-43.22
71.2,-39.56
71.3,-41.01
71.4,-40.52
71.5,-46.43
71.6,-39.88
71.7,-39.32
71.8,-41.33
71.9,-40.06
72,-41.41
72.1,-43.52
72.2,-38.51
72.3,-39.98
72.4,-41.66
72.5,-39.93
72.6,-39.45
72.7,-39.46
72.8,-38.24
72.9,-39.57
73,-41.19
73.1,-38.74
73.2,-41.62
73.3,-40.51
73.4,-41.04
73.5,-42.78
73.6,-40.71
73.7,-41.52
73.8,-46.46
73.9,-44.82
74,-41.93
74.1,-48.08
74.2,-43.93
74.3,-45.72
74.4,-42.21
74.5,-40.99
74.6,-41.2
74.7,-38.84
74.8,-39.53
74.9,-41.27
75,-41.89
75.1,-42.47
75.2,-42.55
75.3,-44.56
75.4,-44.03
75.5,-41.65
75.6,-42.54
75.7,-42.94
75.8,-43.99
75.9,-40.78
76,-42.46
76.1,-41.58
76.2,-44.55
76.3,-46.52
76.4,-39.39
76.5,-39.7
76.6,-40.1
76.7,-40.28
76.8,-39.46
76.9,-39.05
77,-41.36
77.1,-38.47
77.2,-39.44
77.3,-39.95
77.4,-43.63
77.5,-38.48
77.6,-40.85
77.7,-42.85
77.8,-40.09
77.9,-39.95
78,-40.49
78.1,-40.02
78.2,-40.38
78.3,-39.44
78.4,-42.61
78.5,-39.56
78.6,-41.02
78.7,-39.38
78.8,-42.92
78.9,-41.65
79,-43.34
79.1,-39.85
79.2,-39.25
79.3,-37.84
79.4,-39.34
79.5,-39.26
79.6,-37.65
79.7,-39.52
79.8,-38.26
79.9,-39.93
80,-38.7
80.1,-41.19
80.2,-38.41
80.3,-39.11
80.4,-41.52
80.5,-40.44
80.6,-39.36
80.7,-39.7
80.8,-37.81
80.9,-38.18
81,-38.87
81.1,-39.91
81.2,-42.27
81.3,-45.06
81.4,-38.61
81.5,-42.56
81.6,-42.71
81.7,-40.29
81.8,-38.78
81.9,-38.87
82,-36.14
82.1,-39.48
82.2,-36.38
82.3,-38.45
82.4,-41.59
82.5,-38.55
82.6,-39.23
82.7,-40.96
82.8,-40.41
82.9,-43.56
83,-43.22
83.1,-42.12
83.2,-42.7
83.3,-41.26
83.4,-38.67
83.5,-41.56
83.6,-40.19
83.7,-38.93
83.8,-39.19
83.9,-38.86
84,-38.37
84.1,-37.21
84.2,-38.39
84.3,-37.15
84.4,-37.54
84.5,-35.94
84.6,-37.58
84.7,-38.41
84.8,-39.47
84.9,-39.51
85,-39.65
85.1,-39.08
85.2,-38.26
85.3,-39.26
85.4,-37.74
85.5,-41.73
85.6,-37.92
85.7,-37.19
85.8,-39.39
85.9,-39.51
86,-39.42
86.1,-38.59
86.2,-39.16
86.3,-39.31
86.4,-39.42
86.5,-40.97
86.6,-38.92
86.7,-40.42
86.8,-39.97
86.9,-41.02
87,-36.51
87.1,-36.5
87.2,-37.16
87.3,-37.13
87.4,-37.44
87.5,-36.97
87.6,-38.33
87.7,-38.07
87.8,-36.55
87.9,-37.44
88,-39.12
88.1,-37.1
88.2,-36.71
88.3,-36.91
88.4,-37.73
88.5,-39.73
88.6,-37.33
88.7,-37.44
88.8,-36.88
88.9,-35.64
89,-38.46
89.1,-37.82
89.2,-37.27
89.3,-37.84
89.4,-38.57
89.5,-39.7
89.6,-39.65
89.7,-37.74
89.8,-40.4
89.9,-41.27
90,-39.07
90.1,-37.15
90.2,-39.21
90.3,-40.51
90.4,-40.58
90.5,-38.5
90.6,-38.78
90.7,-38.56
90.8,-38.39
90.9,-39.52
91,-39.13
91.1,-40.73
91.2,-43.21
91.3,-41.88
91.4,-39.68
91.5,-41.92
91.6,-41.8
91.7,-37.33
91.8,-37.46
91.9,-40.93
92,-37.03
92.1,-38.29
92.2,-37.31
92.3,-37.24
92.4,-36.06
92.5,-41.55
92.6,-38.55
92.7,-37.94
92.8,-38.03
92.9,-37.41
93,-35.01
93.1,-35.56
93.2,-36.39
93.3,-36.33
93.4,-36.57
93.5,-36.59
93.6,-37.97
93.7,-37.62
93.8,-37.97
93.9,-36.69
94,-36.04
94.1,-34.4
94.2,-36.07
94.3,-36.27
94.4,-36.5
94.5,-36.83
94.6,-36.24
94.7,-35.99
94.8,-35.62
94.9,-35.54
95,-35.5
95.1,-36.08
95.2,-37.61
95.3,-36.34
95.4,-38.91
95.5,-38.04
95.6,-37.78
95.7,-36.42
95.8,-38.28
95.9,-37.63
96,-35.12
96.1,-36.83
96.2,-37.7
96.3,-35.75
96.4,-36.98
96.5,-36.78
96.6,-35.04
96.7,-34.72
96.8,-34.97
96.9,-34.03
97,-34.4
97.1,-33.99
97.2,-35.05
97.3,-35.35
97.4,-37.62
97.5,-34.92
97.6,-35.63
97.7,-36.1
97.8,-36.76
97.9,-35.52
98,-36.82
98.1,-35.76
98.2,-37.39
98.3,-36.34
98.4,-36.77
98.5,-37
98.6,-39.45
98.7,-37.03
98.8,-36.96
98.9,-37.63
99,-35.85
99.1,-36.88
99.2,-36.36
99.3,-36.55
99.4,-39.37
99.5,-36.66
99.6,-35.97
99.7,-36.62
99.8,-36.04
99.9,-36.21
100,-35.53
100.1,-37.49
100.2,-37.02
100.3,-38.51
100.4,-36.52
100.5,-36.22
100.6,-36.2
100.7,-36.6
100.8,-36.69
100.9,-38.23
101,-37.17
101.1,-37.82
101.2,-38.06
101.3,-37.92
101.4,-35.66
101.5,-37.76
101.6,-38.01
101.7,-37.13
101.8,-37.15
101.9,-37.25
102,-38.12
102.1,-37.53
102.2,-37.17
102.3,-37.19
102.4,-37.62
102.5,-37.78
102.6,-36.95
102.7,-36.99
102.8,-38.34
102.9,-37.57
103,-36.68
103.1,-35.55
103.2,-38.47
103.3,-38.49
103.4,-38.07
103.5,-39.35
103.6,-37.99
103.7,-37.9
103.8,-39.17
103.9,-39.75
104,-38.16
104.1,-37.94
104.2,-38.24
104.3,-40.52
104.4,-38.35
104.5,-38.62
104.6,-40.26
104.7,-35.77
104.8,-38.53
104.9,-37.66
105,-36.76
105.1,-39.41
105.2,-37.31
105.3,-37.26
105.4,-36.07
105.5,-36.49
105.6,-37.93
105.7,-36.97
105.8,-37.94
105.9,-36.55
106,-36.56
106.1,-35.31
106.2,-35.92
106.3,-37.19
106.4,-36.92
106.5,-36.38
106.6,-36.15
106.7,-36.22
106.8,-38.69
106.9,-39.26
107,-39.24
107.1,-39.1
107.2,-38.4
107.3,-39.27
107.4,-38.85
107.5,-39.91
107.6,-39.11
107.7,-38.44
107.8,-39.43
107.9,-39.68
108,-39.17
108.1,-43.98
108.2,-39.32
108.3,-41.24
108.4,-39.5
108.5,-41.21
108.6,-40.28
108.7,-41.25
108.8,-40.68
108.9,-40.89
109,-42.36
109.1,-40.71
109.2,-40.94
109.3,-41.09
109.4,-38.45
109.5,-40.15
109.6,-39.88
109.7,-38.3
109.8,-38.09
109.9,-41.08
110,-37.94
110.1,-37.7
110.2,-40.31
110.3,-40.66
110.4,-40.1
110.5,-39.03
110.6,-39.97
110.7,-39.83
110.8,-39.25
110.9,-40.39
111,-37.36
111.1,-39.02
111.2,-37.12
111.3,-40.98
111.4,-41.29
111.5,-39.84
111.6,-40.43
111.7,-42.2
111.8,-38.76
111.9,-38.08
112,-37.65
112.1,-42.14
112.2,-40.2
112.3,-40.9
112.4,-40.19
112.5,-43.19
112.6,-44.8
112.7,-41.39
112.8,-41.44
112.9,-39.21
113,-42.33
113.1,-42.79
113.2,-44.32
113.3,-42.74
113.4,-42.45
113.5,-43.34
113.6,-42.99
113.7,-41.66
113.8,-40.34
113.9,-42.77
114,-42.61
114.1,-40.16
114.2,-41.92
114.3,-41.17
114.4,-43.82
114.5,-42.86
114.6,-40.84
114.7,-41.51
114.8,-41.93
114.9,-39.27
115,-41.45
115.1,-41.45
115.2,-42.3
115.3,-40.71
115.4,-44.64
115.5,-49.22
115.6,-43.15
115.7,-44.41
115.8,-47.52
115.9,-44.86
116,-43.69
116.1,-48.1
116.2,-48.74
116.3,-54.76
116.4,-56.3
116.5,-48.74
116.6,-56.44
116.7,-48.46
116.8,-50.29
116.9,-45.3
117,-52.64
117.1,-52.69
117.2,-47.11
117.3,-45.71
117.4,-54.06
117.5,-45.53
117.6,-43.79
117.7,-46.08
117.8,-41.93
117.9,-42.07
118,-47.26
118.1,-41.8
118.2,-47.94
118.3,-44.29
118.4,-51.89
118.5,-50.24
118.6,-51.53
118.7,-57.36
118.8,-54.97
118.9,-54.28
119,-61.69
119.1,-49.38
119.2,-51.32
119.3,-54.79
119.4,-56.57
119.5,-51.61
119.6,-49.82
119.7,-49.84
119.8,-47.34
119.9,-47.11
120,-47.44
120.1,-43.55
120.2,-46.52
120.3,-46.54
120.4,-42.67
120.5,-43.67
120.6,-42.44
120.7,-43.09
120.8,-42.65
120.9,-44.44
121,-43.03
121.1,-45.2
121.2,-45.88
121.3,-46.35
121.4,-42.36
121.5,-50.29
121.6,-52.15
121.7,-44.76
121.8,-48.83
121.9,-62.94
122,-52.38
122.1,-55.22
122.2,-51.76
122.3,-51.59
122.4,-54.35
122.5,-42.99
122.6,-50.67
122.7,-50.37
122.8,-42.97
122.9,-47.72
123,-43.58
123.1,-43.25
123.2,-47.18
123.3,-40.09
123.4,-44.83
123.5,-43.34
123.6,-40.04
123.7,-39.57
123.8,-41.81
123.9,-46.85
124,-41.32
124.1,-44.37
124.2,-49.38
124.3,-43.1
124.4,-42.85
124.5,-42.3
124.6,-43.55
124.7,-43.12
124.8,-39.51
124.9,-42.05
125,-43.17
125.1,-44.52
125.2,-47.36
125.3,-44.76
125.4,-41.81
125.5,-45.23
125.6,-48.39
125.7,-45.73
125.8,-45.78
125.9,-45.81
126,-44.15
126.1,-47.44
126.2,-45.96
126.3,-48.86
126.4,-45.02
126.5,-48.68
126.6,-44.96
126.7,-50.75
126.8,-47.93
126.9,-44.88
127,-53.46
127.1,-47.14
127.2,-51.41
127.3,-50.35
127.4,-56.62
127.5,-56.66
127.6,-61.23
127.7,-51.54
127.8,-48.2
127.9,-46.45
128,-46.03
128.1,-45.94
128.2,-42.63
128.3,-41.04
128.4,-41.21
128.5,-43.46
128.6,-42.25
128.7,-42.28
128.8,-43.26
128.9,-44.5
129,-44.36
129.1,-43.85
129.2,-40.55
129.3,-39.11
129.4,-41.39
129.5,-43.24
129.6,-41.35
129.7,-41.33
129.8,-46.86
129.9,-46.87
130,-44.23
130.1,-43.66
130.2,-48.21
130.3,-51.07
130.4,-45.16
130.5,-50.15
130.6,-64.37
130.7,-46.98
130.8,-43.22
130.9,-44.66
131,-45.29
131.1,-44.12
131.2,-48.38
131.3,-43.48
131.4,-43.72
131.5,-44.56
131.6,-42.77
131.7,-46.25
131.8,-40.12
131.9,-44.66
132,-39.71
132.1,-44.03
132.2,-42.77
132.3,-42.6
132.4,-42.49
132.5,-43.92
132.6,-43.32
132.7,-44.21
132.8,-48.97
132.9,-50.83
133,-44.73
133.1,-54.29
133.2,-46.44
133.3,-54.77
133.4,-50.06
133.5,-48.75
133.6,-47.01
133.7,-53.46
133.8,-48.15
133.9,-57.62
134,-50.41
134.1,-50.57
134.2,-48.54
134.3,-47.92
134.4,-52.5
134.5,-51.38
134.6,-47.57
134.7,-47.18
134.8,-47.16
134.9,-42.2
135,-47.08
135.1,-40.55
135.2,-49.44
135.3,-46.6
135.4,-47.14
135.5,-42.95
135.6,-42.3
135.7,-42.01
135.8,-42.04
135.9,-47.97
136,-42.69
136.1,-41.71
136.2,-44.53
136.3,-41.26
136.4,-43.14
136.5,-43.77
136.6,-44.36
136.7,-45.04
136.8,-46.62
136.9,-54.62
137,-47.97
137.1,-52.55
137.2,-53.69
137.3,-48.23
137.4,-50.37
137.5,-47.01
137.6,-42.67
137.7,-45.4
137.8,-43.84
137.9,-47.55
138,-48.62
138.1,-44.02
138.2,-45.09
138.3,-48.03
138.4,-49.29
138.5,-45.02
138.6,-43.42
138.7,-45.39
138.8,-43.12
138.9,-41.41
139,-41.98
139.1,-42.3
139.2,-44.59
139.3,-44.03
139.4,-45.07
139.5,-44.97
139.6,-44.34
139.7,-45.21
139.8,-43.84
139.9,-51.09
140,-48.56
140.1,-47.33
140.2,-44.89
140.3,-48.81
140.4,-50.2
140.5,-51.51
140.6,-64.89
140.7,-47.26
140.8,-45.04
140.9,-52.18
141,-52.33
141.1,-47.84
141.2,-49.43
141.3,-46.18
141.4,-46.47
141.5,-49.35
141.6,-51.13
141.7,-47.12
141.8,-56.46
141.9,-49.11
142,-59.9
142.1,-48.47
142.2,-49.27
142.3,-46.48
142.4,-42.91
142.5,-48.53
142.6,-42.77
142.7,-43.03
142.8,-41.97
142.9,-41.25
143,-47.19
143.1,-42.19
143.2,-45.09
143.3,-40.83
143.4,-39.74
143.5,-43.37
143.6,-40.55
143.7,-42.07
143.8,-40.97
143.9,-43.16
144,-42.47
144.1,-45.35
144.2,-46.14
144.3,-44.36
144.4,-46.96
144.5,-46.73
144.6,-43.3
144.7,-43.68
144.8,-46.75
144.9,-44.2
145,-48.13
145.1,-52.11
145.2,-47.27
145.3,-49.72
145.4,-49.94
145.5,-47.8
145.6,-52.27
145.7,-44.45
145.8,-46.98
145.9,-50
146,-49.1
146.1,-47.24
146.2,-47.52
146.3,-52.83
146.4,-57.69
146.5,-43.49
146.6,-44.9
146.7,-49.49
146.8,-47.65
146.9,-48.53
147,-49.24
147.1,-44.51
147.2,-46.65
147.3,-43.56
147.4,-44.16
147.5,-42.97
147.6,-38.91
147.7,-41.67
147.8,-42.35
147.9,-41.91
148,-42.09
148.1,-45.62
148.2,-42.53
148.3,-39.89
148.4,-43.98
148.5,-41.22
148.6,-44.09
148.7,-40.68
148.8,-44.46
148.9,-45.08
149,-42.05
149.1,-41.86
149.2,-47.82
149.3,-44.49
149.4,-51.04
149.5,-50.84
149.6,-43.18
149.7,-48.57
149.8,-42.94
149.9,-43.24
150,-48.55
150.1,-45.52
150.2,-50.91
150.3,-46.8
150.4,-45.69
150.5,-49.48
150.6,-58.19
150.7,-46.3
150.8,-45.87
150.9,-49.17
151,-55.97
151.1,-48.73
151.2,-46.36
151.3,-55.66
151.4,-60.06
151.5,-49.88
151.6,-55.27
151.7,-61.59
151.8,-53.4
151.9,-56.34
152,-54.35
152.1,-51.69
152.2,-56.22
152.3,-55.52
152.4,-45.45
152.5,-51.1
152.6,-54.36
152.7,-48.52
152.8,-48.56
152.9,-44.23
153,-47.81
153.1,-44.65
153.2,-45.52
153.3,-44.16
153.4,-44.02
153.5,-47.88
153.6,-40.57
153.7,-42.53
153.8,-44.66
153.9,-48.12
154,-40.46
154.1,-41.75
154.2,-42.64
154.3,-43.3
154.4,-41.86
154.5,-41.04
154.6,-47.23
154.7,-42.25
154.8,-44.49
154.9,-44.19
155,-42.88
155.1,-50.34
155.2,-41.68
155.3,-42.86
155.4,-44.5
155.5,-46.77
155.6,-45.35
155.7,-46.21
155.8,-47.83
155.9,-43.45
156,-45.33
156.1,-44.91
156.2,-39.5
156.3,-45.76
156.4,-43.89
156.5,-49.19
156.6,-41.82
156.7,-44.22
156.8,-41.36
156.9,-46.89
157,-42.62
157.1,-42.46
157.2,-46.25
157.3,-44.49
157.4,-46.33
157.5,-46.74
157.6,-50.74
157.7,-45.18
157.8,-47.12
157.9,-58.41
158,-56.13
158.1,-45.24
158.2,-50.29
158.3,-47.61
158.4,-48.1
158.5,-47.84
158.6,-45.07
158.7,-54.44
158.8,-52.29
158.9,-52.19
159,-57.79
159.1,-53.69
159.2,-52.62
159.3,-49.99
159.4,-66.17
159.5,-50.13
159.6,-68.19
159.7,-57.12
159.8,-49.45
159.9,-48.19
160,-52.04
160.1,-52
160.2,-46.06
160.3,-56.79
160.4,-48.63
160.5,-46.3
160.6,-48.58
160.7,-49.12
160.8,-49.42
160.9,-53.29
161,-44.34
161.1,-48.96
161.2,-55.33
161.3,-47.29
161.4,-49.9
161.5,-52.37
161.6,-47.58
161.7,-47.58
161.8,-51.83
161.9,-46.7
162,-53.04
162.1,-52.4
162.2,-46.22
162.3,-47.97
162.4,-45.63
162.5,-50.56
162.6,-48.67
162.7,-46.08
162.8,-45.49
162.9,-52.44
163,-48.63
163.1,-44.25
163.2,-52.49
163.3,-48.14
163.4,-43.12
163.5,-53.46
163.6,-49.03
163.7,-50.35
163.8,-43
163.9,-46.68
164,-44.57
164.1,-46.81
164.2,-46.9
164.3,-46.2
164.4,-50.02
164.5,-49.87
164.6,-48.04
164.7,-44.73
164.8,-53.24
164.9,-50.4
165,-47.29
165.1,-46.84
165.2,-80.83
165.3,-47.07
165.4,-52.17
165.5,-50.12
165.6,-47.93
165.7,-60.08
165.8,-52.39
165.9,-56.81
166,-46.09
166.1,-49.33
166.2,-55.6
166.3,-57.71
166.4,-51.88
166.5,-50.04
166.6,-51.04
166.7,-51.62
166.8,-49.82
166.9,-53.53
167,-48.52
167.1,-58.39
167.2,-61.08
167.3,-52.89
167.4,-56.66
167.5,-62.57
167.6,-56.7
167.7,-55.63
167.8,-49.61
167.9,-49.99
168,-55.65
168.1,-58.98
168.2,-54.87
168.3,-45.74
168.4,-52.48
168.5,-48.04
168.6,-44.76
168.7,-45.55
168.8,-47.77
168.9,-46.93
169,-45.84
169.1,-45.33
169.2,-51.46
169.3,-46.65
169.4,-51.11
169.5,-51.95
169.6,-45.49
169.7,-56.5
169.8,-49.75
169.9,-58.87
170,-52.08
170.1,-50.87
170.2,-55.1
170.3,-57.51
170.4,-67.37
170.5,-54.15
170.6,-65.24
170.7,-53.98
170.8,-57.04
170.9,-61.15
171,-55.49
171.1,-52.11
171.2,-64.34
171.3,-50.87
171.4,-57.43
171.5,-48.03
171.6,-53.47
171.7,-72.33
171.8,-50.35
171.9,-65.72
172,-54.6
172.1,-50.26
172.2,-59
172.3,-59.16
172.4,-55.39
172.5,-60.18
172.6,-56.53
172.7,-48.15
172.8,-52.12
172.9,-51.09
173,-50.53
173.1,-77.56
173.2,-49.08
173.3,-49.96
173.4,-48.92
173.5,-51.92
173.6,-50.29
173.7,-47.64
173.8,-53.54
173.9,-49.41
174,-55.84
174.1,-64.55
174.2,-50.65
174.3,-50.23
174.4,-60.03
174.5,-51.45
174.6,-47.29
174.7,-50.26
174.8,-52.54
174.9,-63.39
175,-62.85
175.1,-52.5
175.2,-51.37
175.3,-51.63
175.4,-59.51
175.5,-47.69
175.6,-54.01
175.7,-47.28
175.8,-50.88
175.9,-48.92
176,-56.43
176.1,-59.85
176.2,-49.68
176.3,-52.05
176.4,-49.44
176.5,-56.47
176.6,-52.24
176.7,-44.99
176.8,-57.52
176.9,-48.84
177,-50.47
177.1,-49.3
177.2,-52.32
177.3,-57.12
177.4,-70.29
177.5,-48.42
177.6,-47.63
177.7,-52.59
177.8,-53.58
177.9,-52.05
178,-48.83
178.1,-54.64
178.2,-49.21
178.3,-47.32
178.4,-46.56
178.5,-52.86
178.6,-84.13
178.7,-44.94
178.8,-47.32
178.9,-54.74
