-90.00, -59.90
-89.99, -59.90
-89.89, -56.30
-89.79, -54.79
-89.69, -54.04
-89.59, -54.48
-89.49, -55.99
-89.39, -57.06
-89.29, -57.41
-89.19, -57.03
-89.09, -55.11
-88.99, -52.44
-88.89, -50.24
-88.79, -48.45
-88.69, -47.67
-88.59, -47.74
-88.49, -48.38
-88.39, -50.10
-88.29, -52.84
-88.19, -57.73
-88.09, -67.54
-87.99, -66.96
-87.89, -59.90
-87.79, -57.62
-87.69, -55.64
-87.59, -55.78
-87.49, -57.44
-87.39, -59.74
-87.29, -67.91
-87.19, -65.32
-87.09, -56.10
-86.99, -52.59
-86.89, -49.72
-86.79, -48.19
-86.69, -47.37
-86.59, -47.09
-86.49, -47.70
-86.39, -48.73
-86.29, -50.45
-86.19, -52.54
-86.09, -56.35
-85.99, -61.44
-85.89, -68.40
-85.79, -62.15
-85.69, -59.57
-85.59, -57.75
-85.49, -57.24
-85.39, -57.10
-85.29, -58.89
-85.19, -59.51
-85.09, -59.54
-84.99, -58.48
-84.89, -56.33
-84.79, -54.45
-84.69, -52.66
-84.59, -51.91
-84.49, -51.32
-84.39, -50.81
-84.29, -51.07
-84.19, -51.76
-84.09, -52.36
-83.99, -54.30
-83.89, -57.64
-83.79, -66.64
-83.69, -74.21
-83.59, -60.29
-83.49, -56.05
-83.39, -53.73
-83.29, -52.77
-83.19, -52.38
-83.09, -52.79
-82.99, -53.64
-82.89, -55.88
-82.79, -61.04
-82.69, -66.03
-82.59, -62.34
-82.49, -58.13
-82.39, -55.21
-82.29, -54.03
-82.19, -53.12
-82.09, -52.97
-81.99, -54.04
-81.89, -56.83
-81.79, -61.69
-81.69, -62.89
-81.59, -57.67
-81.49, -54.05
-81.39, -51.82
-81.29, -51.13
-81.19, -50.12
-81.09, -49.92
-80.99, -49.77
-80.89, -50.33
-80.79, -52.71
-80.69, -56.30
-80.59, -65.19
-80.49, -64.04
-80.39, -58.01
-80.29, -54.62
-80.19, -53.12
-80.09, -51.76
-79.99, -50.91
-79.89, -51.43
-79.79, -52.55
-79.69, -55.33
-79.59, -60.15
-79.49, -61.41
-79.39, -57.65
-79.29, -55.54
-79.19, -55.56
-79.09, -55.66
-78.99, -54.70
-78.89, -54.07
-78.79, -54.84
-78.69, -58.01
-78.59, -67.85
-78.49, -63.72
-78.39, -57.39
-78.29, -54.07
-78.19, -53.20
-78.09, -52.85
-77.99, -53.26
-77.89, -53.41
-77.79, -53.57
-77.69, -55.72
-77.59, -61.59
-77.49, -67.86
-77.39, -57.24
-77.29, -52.61
-77.19, -50.37
-77.09, -49.36
-76.99, -49.44
-76.89, -50.03
-76.79, -51.74
-76.69, -53.56
-76.59, -56.44
-76.49, -62.18
-76.39, -67.45
-76.29, -58.30
-76.19, -53.61
-76.09, -51.52
-75.99, -50.28
-75.89, -50.41
-75.79, -51.64
-75.69, -53.55
-75.59, -56.43
-75.49, -61.67
-75.39, -71.31
-75.29, -67.40
-75.19, -59.45
-75.09, -55.66
-74.99, -53.98
-74.89, -53.52
-74.79, -54.04
-74.69, -55.23
-74.59, -58.19
-74.49, -63.50
-74.39, -74.16
-74.29, -65.13
-74.19, -58.28
-74.09, -54.24
-73.99, -52.90
-73.89, -51.91
-73.79, -51.98
-73.69, -53.35
-73.59, -55.24
-73.49, -57.83
-73.39, -57.88
-73.29, -55.14
-73.19, -52.08
-73.09, -50.48
-72.99, -49.69
-72.89, -49.92
-72.79, -50.30
-72.69, -51.34
-72.59, -52.32
-72.49, -51.67
-72.39, -51.21
-72.29, -50.46
-72.19, -49.93
-72.09, -50.22
-71.99, -50.90
-71.89, -52.38
-71.79, -54.02
-71.69, -55.91
-71.59, -57.16
-71.49, -58.06
-71.39, -58.28
-71.29, -59.50
-71.19, -59.86
-71.09, -60.56
-70.99, -58.77
-70.89, -57.31
-70.79, -54.61
-70.69, -52.92
-70.59, -51.08
-70.49, -49.82
-70.39, -48.86
-70.29, -48.79
-70.19, -49.32
-70.09, -50.96
-69.99, -54.02
-69.89, -58.32
-69.79, -62.26
-69.69, -59.21
-69.59, -56.97
-69.49, -57.31
-69.39, -59.53
-69.29, -61.99
-69.19, -61.46
-69.09, -57.38
-68.99, -53.86
-68.89, -52.00
-68.79, -51.21
-68.69, -50.92
-68.59, -51.63
-68.49, -53.75
-68.39, -56.45
-68.29, -57.14
-68.19, -54.46
-68.09, -51.41
-67.99, -48.57
-67.89, -46.87
-67.79, -45.28
-67.69, -44.00
-67.59, -43.16
-67.49, -43.00
-67.39, -43.41
-67.29, -44.65
-67.19, -46.72
-67.09, -49.66
-66.99, -53.89
-66.89, -60.90
-66.79, -67.06
-66.69, -64.42
-66.59, -60.69
-66.49, -59.43
-66.39, -56.11
-66.29, -52.41
-66.19, -49.42
-66.09, -46.40
-65.99, -44.69
-65.89, -43.45
-65.79, -42.99
-65.69, -43.08
-65.59, -43.33
-65.49, -44.18
-65.39, -45.07
-65.29, -46.71
-65.19, -49.21
-65.09, -53.04
-64.99, -61.54
-64.89, -61.82
-64.79, -55.65
-64.69, -52.55
-64.59, -51.38
-64.49, -51.06
-64.39, -50.93
-64.29, -50.26
-64.19, -49.59
-64.09, -48.73
-63.99, -48.00
-63.89, -47.41
-63.79, -46.71
-63.69, -46.62
-63.59, -46.91
-63.49, -47.24
-63.39, -48.56
-63.29, -51.05
-63.19, -55.87
-63.09, -64.43
-62.99, -58.05
-62.89, -51.48
-62.79, -48.28
-62.69, -45.67
-62.59, -44.39
-62.49, -43.87
-62.39, -43.75
-62.29, -44.28
-62.19, -45.43
-62.09, -46.77
-61.99, -47.67
-61.89, -47.52
-61.79, -46.74
-61.69, -45.78
-61.59, -45.10
-61.49, -44.90
-61.39, -45.00
-61.29, -45.52
-61.19, -46.23
-61.09, -46.95
-60.99, -47.48
-60.89, -47.10
-60.79, -46.38
-60.69, -45.66
-60.59, -44.91
-60.49, -44.78
-60.39, -45.14
-60.29, -46.37
-60.19, -48.20
-60.09, -51.69
-59.99, -52.56
-59.89, -49.36
-59.79, -46.63
-59.69, -44.42
-59.59, -43.21
-59.49, -42.74
-59.39, -43.10
-59.29, -43.93
-59.19, -45.02
-59.09, -46.61
-58.99, -48.61
-58.89, -51.30
-58.79, -51.48
-58.69, -49.99
-58.59, -47.60
-58.49, -46.23
-58.39, -46.00
-58.29, -46.55
-58.19, -47.83
-58.09, -49.78
-57.99, -51.16
-57.89, -50.93
-57.79, -50.46
-57.69, -49.47
-57.59, -48.80
-57.49, -48.92
-57.39, -49.20
-57.29, -50.22
-57.19, -53.82
-57.09, -59.05
-56.99, -59.49
-56.89, -51.97
-56.79, -48.30
-56.69, -46.18
-56.59, -44.99
-56.49, -44.08
-56.39, -43.49
-56.29, -43.24
-56.19, -43.49
-56.09, -44.23
-55.99, -45.39
-55.89, -47.19
-55.79, -49.21
-55.69, -49.48
-55.59, -48.68
-55.49, -47.74
-55.39, -46.69
-55.29, -46.15
-55.19, -46.41
-55.09, -47.26
-54.99, -48.67
-54.89, -50.82
-54.79, -53.05
-54.69, -54.39
-54.59, -52.27
-54.49, -50.16
-54.39, -48.71
-54.29, -48.52
-54.19, -49.12
-54.09, -51.56
-53.99, -56.25
-53.89, -82.32
-53.79, -56.46
-53.69, -50.85
-53.59, -47.63
-53.49, -45.56
-53.39, -44.18
-53.29, -43.03
-53.19, -42.70
-53.09, -42.76
-52.99, -43.19
-52.89, -43.96
-52.79, -45.52
-52.69, -47.95
-52.59, -52.29
-52.49, -57.92
-52.39, -66.17
-52.29, -56.49
-52.19, -52.07
-52.09, -50.03
-51.99, -49.45
-51.89, -49.56
-51.79, -49.98
-51.69, -50.85
-51.59, -51.25
-51.49, -50.01
-51.39, -48.95
-51.29, -47.73
-51.19, -47.20
-51.09, -47.32
-50.99, -48.32
-50.89, -50.00
-50.79, -53.65
-50.69, -57.49
-50.59, -56.50
-50.49, -51.64
-50.39, -48.56
-50.29, -46.22
-50.19, -44.61
-50.09, -43.50
-49.99, -43.01
-49.89, -43.01
-49.79, -43.45
-49.69, -44.23
-49.59, -45.90
-49.49, -47.95
-49.39, -50.89
-49.29, -53.32
-49.19, -52.93
-49.09, -50.68
-48.99, -48.48
-48.89, -46.92
-48.79, -46.31
-48.69, -46.10
-48.59, -46.58
-48.49, -47.76
-48.39, -49.75
-48.29, -51.06
-48.19, -51.81
-48.09, -50.84
-47.99, -49.63
-47.89, -49.06
-47.79, -48.77
-47.69, -48.42
-47.59, -48.46
-47.49, -48.44
-47.39, -48.84
-47.29, -48.87
-47.19, -48.51
-47.09, -47.84
-46.99, -47.02
-46.89, -46.71
-46.79, -47.00
-46.69, -47.81
-46.59, -49.09
-46.49, -51.32
-46.39, -55.26
-46.29, -59.50
-46.19, -57.02
-46.09, -51.81
-45.99, -48.28
-45.89, -46.09
-45.79, -44.60
-45.69, -43.33
-45.59, -42.83
-45.49, -42.43
-45.39, -42.58
-45.29, -43.01
-45.19, -43.95
-45.09, -44.98
-44.99, -46.48
-44.89, -49.15
-44.79, -53.21
-44.69, -59.48
-44.59, -57.48
-44.49, -52.65
-44.39, -49.26
-44.29, -47.80
-44.19, -46.63
-44.09, -46.12
-43.99, -45.52
-43.89, -45.62
-43.79, -45.52
-43.69, -45.72
-43.59, -46.11
-43.49, -46.69
-43.39, -47.43
-43.29, -48.53
-43.19, -50.13
-43.09, -51.36
-42.99, -52.49
-42.89, -52.87
-42.79, -52.33
-42.69, -51.41
-42.59, -50.45
-42.49, -50.51
-42.39, -50.04
-42.29, -50.17
-42.19, -50.32
-42.09, -50.71
-41.99, -51.11
-41.89, -51.03
-41.79, -49.48
-41.69, -48.00
-41.59, -45.92
-41.49, -44.32
-41.39, -43.05
-41.29, -42.09
-41.19, -41.45
-41.09, -41.16
-40.99, -41.24
-40.89, -41.52
-40.79, -41.87
-40.69, -42.30
-40.59, -42.93
-40.49, -43.50
-40.39, -44.00
-40.29, -44.61
-40.19, -45.47
-40.09, -45.90
-39.99, -46.47
-39.89, -46.61
-39.79, -46.35
-39.69, -46.31
-39.59, -46.04
-39.49, -46.12
-39.39, -46.26
-39.29, -47.02
-39.19, -47.28
-39.09, -48.04
-38.99, -47.75
-38.89, -46.96
-38.79, -45.63
-38.69, -44.25
-38.59, -43.20
-38.49, -42.26
-38.39, -41.79
-38.29, -41.43
-38.19, -41.48
-38.09, -41.51
-37.99, -41.70
-37.89, -41.87
-37.79, -41.85
-37.69, -41.89
-37.59, -41.67
-37.49, -41.41
-37.39, -41.01
-37.29, -40.58
-37.19, -40.14
-37.09, -39.84
-36.99, -39.70
-36.89, -39.44
-36.79, -39.35
-36.69, -39.33
-36.59, -39.38
-36.49, -39.53
-36.39, -39.43
-36.29, -39.39
-36.19, -39.20
-36.09, -39.08
-35.99, -38.65
-35.89, -38.41
-35.79, -38.10
-35.69, -37.75
-35.59, -37.41
-35.49, -37.21
-35.39, -37.11
-35.29, -37.03
-35.19, -36.87
-35.09, -36.65
-34.99, -36.56
-34.89, -36.43
-34.79, -36.20
-34.69, -36.02
-34.59, -35.73
-34.49, -35.51
-34.39, -35.33
-34.29, -35.24
-34.19, -35.07
-34.09, -34.97
-33.99, -34.84
-33.89, -34.56
-33.79, -34.33
-33.69, -34.19
-33.59, -34.13
-33.49, -34.17
-33.39, -34.19
-33.29, -34.22
-33.19, -34.34
-33.09, -34.45
-32.99, -34.59
-32.89, -34.78
-32.79, -35.06
-32.69, -35.27
-32.59, -35.53
-32.49, -35.59
-32.39, -35.75
-32.29, -35.70
-32.19, -35.48
-32.09, -35.29
-31.99, -35.05
-31.89, -34.54
-31.79, -34.23
-31.69, -33.92
-31.59, -33.47
-31.49, -33.07
-31.39, -32.84
-31.29, -32.65
-31.19, -32.55
-31.09, -32.53
-30.99, -32.56
-30.89, -32.56
-30.79, -32.64
-30.69, -32.85
-30.59, -33.15
-30.49, -33.28
-30.39, -33.58
-30.29, -33.76
-30.19, -33.83
-30.09, -33.76
-29.99, -33.69
-29.89, -33.58
-29.79, -33.50
-29.69, -33.43
-29.59, -33.36
-29.49, -33.28
-29.39, -33.21
-29.29, -33.00
-29.19, -32.88
-29.09, -32.68
-28.99, -32.43
-28.89, -32.18
-28.79, -31.84
-28.69, -31.80
-28.59, -31.62
-28.49, -31.47
-28.39, -31.44
-28.29, -31.54
-28.19, -31.53
-28.09, -31.66
-27.99, -31.79
-27.89, -31.91
-27.79, -31.99
-27.69, -32.11
-27.59, -32.23
-27.49, -32.14
-27.39, -32.12
-27.29, -32.15
-27.19, -32.08
-27.09, -31.85
-26.99, -31.55
-26.89, -31.07
-26.79, -30.55
-26.69, -30.10
-26.59, -29.56
-26.49, -29.02
-26.39, -28.65
-26.29, -28.17
-26.19, -27.87
-26.09, -27.67
-25.99, -27.56
-25.89, -27.36
-25.79, -27.33
-25.69, -27.36
-25.59, -27.42
-25.49, -27.61
-25.39, -27.73
-25.29, -28.06
-25.19, -28.36
-25.09, -28.68
-24.99, -28.94
-24.89, -29.10
-24.79, -29.33
-24.69, -29.41
-24.59, -29.51
-24.49, -29.55
-24.39, -29.64
-24.29, -29.62
-24.19, -29.69
-24.09, -29.74
-23.99, -29.77
-23.89, -29.92
-23.79, -30.00
-23.69, -30.17
-23.59, -30.41
-23.49, -30.53
-23.39, -30.63
-23.29, -30.72
-23.19, -30.72
-23.09, -30.57
-22.99, -30.46
-22.89, -30.29
-22.79, -30.01
-22.69, -29.86
-22.59, -29.56
-22.49, -29.46
-22.39, -29.32
-22.29, -29.23
-22.19, -29.33
-22.09, -29.51
-21.99, -29.95
-21.89, -30.56
-21.79, -31.21
-21.69, -32.02
-21.59, -33.14
-21.49, -34.30
-21.39, -35.64
-21.29, -37.03
-21.19, -38.14
-21.09, -38.64
-20.99, -38.38
-20.89, -37.58
-20.79, -36.54
-20.69, -35.56
-20.59, -34.74
-20.49, -33.99
-20.39, -33.56
-20.29, -33.34
-20.19, -33.20
-20.09, -33.23
-19.99, -33.54
-19.89, -33.88
-19.79, -34.40
-19.69, -34.91
-19.59, -35.28
-19.49, -35.58
-19.39, -35.69
-19.29, -35.55
-19.19, -35.32
-19.09, -35.02
-18.99, -34.62
-18.89, -34.23
-18.79, -34.06
-18.69, -33.91
-18.59, -33.76
-18.49, -33.73
-18.39, -33.62
-18.29, -33.51
-18.19, -33.26
-18.09, -32.81
-17.99, -32.46
-17.89, -31.77
-17.79, -31.02
-17.69, -30.26
-17.59, -29.44
-17.49, -28.57
-17.39, -27.70
-17.29, -26.95
-17.19, -26.19
-17.09, -25.50
-16.99, -24.79
-16.89, -24.11
-16.79, -23.41
-16.69, -22.83
-16.59, -22.26
-16.49, -21.67
-16.39, -21.21
-16.29, -20.74
-16.19, -20.33
-16.09, -20.00
-15.99, -19.70
-15.89, -19.44
-15.79, -19.16
-15.69, -18.99
-15.59, -18.75
-15.49, -18.63
-15.39, -18.47
-15.29, -18.30
-15.19, -18.16
-15.09, -18.09
-14.99, -17.95
-14.89, -17.84
-14.79, -17.86
-14.69, -17.80
-14.59, -17.80
-14.49, -17.72
-14.39, -17.80
-14.29, -17.77
-14.19, -17.81
-14.09, -17.87
-13.99, -17.99
-13.89, -18.13
-13.79, -18.15
-13.69, -18.27
-13.59, -18.49
-13.49, -18.73
-13.39, -18.90
-13.29, -19.24
-13.19, -19.48
-13.09, -19.78
-12.99, -20.06
-12.89, -20.33
-12.79, -20.61
-12.69, -20.95
-12.59, -21.32
-12.49, -21.66
-12.39, -21.95
-12.29, -22.27
-12.19, -22.61
-12.09, -22.92
-11.99, -23.07
-11.89, -23.18
-11.79, -23.29
-11.69, -23.19
-11.59, -22.99
-11.49, -22.87
-11.39, -22.62
-11.29, -22.33
-11.19, -21.88
-11.09, -21.55
-10.99, -21.16
-10.89, -20.77
-10.79, -20.45
-10.69, -20.12
-10.59, -19.73
-10.49, -19.44
-10.39, -19.10
-10.29, -18.77
-10.19, -18.46
-10.09, -18.23
 -9.99, -17.93
 -9.89, -17.62
 -9.79, -17.41
 -9.69, -17.21
 -9.59, -17.01
 -9.49, -16.90
 -9.39, -16.74
 -9.29, -16.59
 -9.19, -16.43
 -9.09, -16.30
 -8.99, -16.21
 -8.89, -16.08
 -8.79, -15.93
 -8.69, -15.88
 -8.59, -15.62
 -8.49, -15.51
 -8.39, -15.29
 -8.29, -15.12
 -8.19, -14.81
 -8.09, -14.51
 -7.99, -14.17
 -7.89, -13.81
 -7.79, -13.43
 -7.69, -13.12
 -7.59, -12.78
 -7.49, -12.42
 -7.39, -12.14
 -7.29, -11.76
 -7.19, -11.43
 -7.09, -11.12
 -6.99, -10.84
 -6.89, -10.59
 -6.79, -10.30
 -6.69, -10.04
 -6.59,  -9.84
 -6.49,  -9.58
 -6.39,  -9.35
 -6.29,  -9.16
 -6.19,  -9.07
 -6.09,  -8.89
 -5.99,  -8.75
 -5.89,  -8.63
 -5.79,  -8.55
 -5.69,  -8.38
 -5.59,  -8.25
 -5.49,  -8.20
 -5.39,  -8.04
 -5.29,  -7.90
 -5.19,  -7.81
 -5.09,  -7.68
 -4.99,  -7.47
 -4.89,  -7.27
 -4.79,  -7.14
 -4.69,  -6.96
 -4.59,  -6.72
 -4.49,  -6.54
 -4.39,  -6.27
 -4.29,  -6.09
 -4.19,  -5.84
 -4.09,  -5.64
 -3.99,  -5.35
 -3.89,  -5.16
 -3.79,  -4.88
 -3.69,  -4.63
 -3.59,  -4.31
 -3.49,  -4.06
 -3.39,  -3.84
 -3.29,  -3.60
 -3.19,  -3.36
 -3.09,  -3.19
 -2.99,  -2.97
 -2.89,  -2.81
 -2.79,  -2.58
 -2.69,  -2.43
 -2.59,  -2.28
 -2.49,  -2.08
 -2.39,  -1.92
 -2.29,  -1.80
 -2.19,  -1.65
 -2.09,  -1.57
 -1.99,  -1.42
 -1.89,  -1.32
 -1.79,  -1.24
 -1.69,  -1.10
 -1.59,  -0.96
 -1.49,  -0.84
 -1.39,  -0.79
 -1.29,  -0.73
 -1.19,  -0.60
 -1.09,  -0.51
 -0.99,  -0.45
 -0.89,  -0.37
 -0.79,  -0.30
 -0.69,  -0.29
 -0.59,  -0.27
 -0.49,  -0.10
 -0.39,  -0.17
 -0.29,  -0.14
 -0.19,  -0.04
 -0.09,  -0.09
  0.01,  -0.06
  0.11,  -0.09
  0.21,  -0.08
  0.31,  -0.11
  0.41,  -0.07
  0.51,  -0.14
  0.61,  -0.17
  0.71,  -0.27
  0.81,  -0.28
  0.91,  -0.36
  1.01,  -0.42
  1.11,  -0.51
  1.21,  -0.64
  1.31,  -0.70
  1.41,  -0.82
  1.51,  -0.89
  1.61,  -1.00
  1.71,  -1.15
  1.81,  -1.27
  1.91,  -1.40
  2.01,  -1.57
  2.11,  -1.69
  2.21,  -1.84
  2.31,  -1.88
  2.41,  -2.10
  2.51,  -2.23
  2.61,  -2.39
  2.71,  -2.49
  2.81,  -2.64
  2.91,  -2.80
  3.01,  -2.98
  3.11,  -3.16
  3.21,  -3.30
  3.31,  -3.45
  3.41,  -3.73
  3.51,  -3.93
  3.61,  -4.11
  3.71,  -4.34
  3.81,  -4.59
  3.91,  -4.85
  4.01,  -5.10
  4.11,  -5.32
  4.21,  -5.68
  4.31,  -5.90
  4.41,  -6.14
  4.51,  -6.51
  4.61,  -6.72
  4.71,  -7.06
  4.81,  -7.32
  4.91,  -7.46
  5.01,  -7.73
  5.11,  -7.98
  5.21,  -8.11
  5.31,  -8.30
  5.41,  -8.37
  5.51,  -8.45
  5.61,  -8.48
  5.71,  -8.53
  5.81,  -8.55
  5.91,  -8.56
  6.01,  -8.62
  6.11,  -8.54
  6.21,  -8.55
  6.31,  -8.61
  6.41,  -8.65
  6.51,  -8.66
  6.61,  -8.75
  6.71,  -8.85
  6.81,  -9.02
  6.91,  -9.21
  7.01,  -9.45
  7.11,  -9.76
  7.21, -10.10
  7.31, -10.44
  7.41, -10.82
  7.51, -11.34
  7.61, -11.91
  7.71, -12.56
  7.81, -13.30
  7.91, -14.12
  8.01, -14.97
  8.11, -16.02
  8.21, -17.13
  8.31, -18.22
  8.41, -19.36
  8.51, -20.22
  8.61, -20.69
  8.71, -20.55
  8.81, -19.87
  8.91, -18.88
  9.01, -17.89
  9.11, -16.86
  9.21, -15.82
  9.31, -15.13
  9.41, -14.37
  9.51, -13.76
  9.61, -13.18
  9.71, -12.76
  9.81, -12.33
  9.91, -12.13
 10.01, -11.87
 10.11, -11.72
 10.21, -11.63
 10.31, -11.55
 10.41, -11.52
 10.51, -11.63
 10.61, -11.80
 10.71, -11.99
 10.81, -12.25
 10.91, -12.60
 11.01, -12.94
 11.11, -13.44
 11.21, -14.01
 11.31, -14.71
 11.41, -15.39
 11.51, -16.35
 11.61, -17.39
 11.71, -18.60
 11.81, -20.02
 11.91, -21.83
 12.01, -24.11
 12.11, -27.04
 12.21, -31.70
 12.31, -39.89
 12.41, -38.19
 12.51, -31.07
 12.61, -27.14
 12.71, -24.51
 12.81, -22.50
 12.91, -21.12
 13.01, -19.90
 13.11, -18.98
 13.21, -18.20
 13.31, -17.60
 13.41, -17.12
 13.51, -16.69
 13.61, -16.30
 13.71, -16.14
 13.81, -16.03
 13.91, -15.96
 14.01, -15.87
 14.11, -16.00
 14.21, -16.10
 14.31, -16.22
 14.41, -16.42
 14.51, -16.75
 14.61, -17.10
 14.71, -17.51
 14.81, -17.97
 14.91, -18.47
 15.01, -19.08
 15.11, -19.74
 15.21, -20.41
 15.31, -21.17
 15.41, -22.07
 15.51, -23.00
 15.61, -24.04
 15.71, -25.14
 15.81, -26.24
 15.91, -27.20
 16.01, -27.92
 16.11, -28.11
 16.21, -27.91
 16.31, -27.35
 16.41, -26.59
 16.51, -25.80
 16.61, -25.09
 16.71, -24.40
 16.81, -23.86
 16.91, -23.34
 17.01, -23.01
 17.11, -22.78
 17.21, -22.69
 17.31, -22.58
 17.41, -22.71
 17.51, -22.75
 17.61, -22.92
 17.71, -23.24
 17.81, -23.57
 17.91, -23.96
 18.01, -24.44
 18.11, -24.98
 18.21, -25.67
 18.31, -26.39
 18.41, -27.30
 18.51, -28.40
 18.61, -29.79
 18.71, -31.29
 18.81, -33.36
 18.91, -35.87
 19.01, -39.30
 19.11, -43.26
 19.21, -43.65
 19.31, -40.03
 19.41, -36.57
 19.51, -34.08
 19.61, -32.21
 19.71, -30.77
 19.81, -29.70
 19.91, -28.90
 20.01, -28.32
 20.11, -27.75
 20.21, -27.30
 20.31, -26.99
 20.41, -26.72
 20.51, -26.49
 20.61, -26.28
 20.71, -26.23
 20.81, -26.22
 20.91, -26.21
 21.01, -26.24
 21.11, -26.27
 21.21, -26.43
 21.31, -26.64
 21.41, -26.93
 21.51, -27.23
 21.61, -27.69
 21.71, -28.12
 21.81, -28.78
 21.91, -29.35
 22.01, -29.93
 22.11, -30.48
 22.21, -31.08
 22.31, -31.63
 22.41, -32.06
 22.51, -32.20
 22.61, -32.14
 22.71, -31.95
 22.81, -31.60
 22.91, -31.24
 23.01, -30.87
 23.11, -30.59
 23.21, -30.21
 23.31, -29.92
 23.41, -29.66
 23.51, -29.35
 23.61, -29.16
 23.71, -29.04
 23.81, -28.90
 23.91, -28.87
 24.01, -28.86
 24.11, -28.98
 24.21, -29.20
 24.31, -29.44
 24.41, -29.75
 24.51, -30.19
 24.61, -30.74
 24.71, -31.41
 24.81, -32.16
 24.91, -33.02
 25.01, -33.99
 25.11, -34.93
 25.21, -36.01
 25.31, -37.01
 25.41, -37.91
 25.51, -38.81
 25.61, -39.62
 25.71, -40.46
 25.81, -41.24
 25.91, -42.28
 26.01, -43.40
 26.11, -44.75
 26.21, -46.35
 26.31, -47.84
 26.41, -48.49
 26.51, -47.92
 26.61, -46.63
 26.71, -45.00
 26.81, -43.36
 26.91, -42.02
 27.01, -40.88
 27.11, -40.01
 27.21, -39.25
 27.31, -38.68
 27.41, -38.28
 27.51, -38.02
 27.61, -37.97
 27.71, -37.96
 27.81, -38.08
 27.91, -38.41
 28.01, -38.79
 28.11, -39.28
 28.21, -39.90
 28.31, -40.58
 28.41, -41.33
 28.51, -42.04
 28.61, -42.83
 28.71, -43.33
 28.81, -43.94
 28.91, -44.06
 29.01, -43.74
 29.11, -43.47
 29.21, -43.27
 29.31, -42.93
 29.41, -42.96
 29.51, -42.98
 29.61, -43.20
 29.71, -43.35
 29.81, -44.20
 29.91, -44.79
 30.01, -45.78
 30.11, -46.99
 30.21, -48.56
 30.31, -50.62
 30.41, -52.38
 30.51, -53.79
 30.61, -51.91
 30.71, -49.13
 30.81, -47.10
 30.91, -45.35
 31.01, -43.86
 31.11, -42.66
 31.21, -41.92
 31.31, -41.48
 31.41, -41.18
 31.51, -41.28
 31.61, -41.34
 31.71, -41.89
 31.81, -42.51
 31.91, -43.42
 32.01, -44.27
 32.11, -45.08
 32.21, -45.73
 32.31, -46.12
 32.41, -46.51
 32.51, -46.61
 32.61, -46.80
 32.71, -47.14
 32.81, -47.41
 32.91, -47.46
 33.01, -47.13
 33.11, -46.68
 33.21, -46.60
 33.31, -46.10
 33.41, -46.07
 33.51, -46.12
 33.61, -46.26
 33.71, -46.76
 33.81, -46.88
 33.91, -47.54
 34.01, -47.79
 34.11, -48.45
 34.21, -48.93
 34.31, -49.51
 34.41, -49.57
 34.51, -49.81
 34.61, -49.55
 34.71, -49.14
 34.81, -49.57
 34.91, -49.37
 35.01, -50.53
 35.11, -51.66
 35.21, -54.63
 35.31, -59.86
 35.41, -71.71
 35.51, -58.35
 35.61, -52.53
 35.71, -49.05
 35.81, -46.89
 35.91, -45.31
 36.01, -44.23
 36.11, -43.31
 36.21, -42.76
 36.31, -42.35
 36.41, -41.90
 36.51, -41.57
 36.61, -41.27
 36.71, -41.13
 36.81, -41.24
 36.91, -41.21
 37.01, -41.56
 37.11, -42.07
 37.21, -43.07
 37.31, -44.48
 37.41, -46.36
 37.51, -48.99
 37.61, -51.41
 37.71, -51.99
 37.81, -49.79
 37.91, -47.41
 38.01, -45.42
 38.11, -44.27
 38.21, -43.48
 38.31, -42.96
 38.41, -42.87
 38.51, -43.09
 38.61, -43.49
 38.71, -44.24
 38.81, -45.07
 38.91, -46.09
 39.01, -46.99
 39.11, -48.09
 39.21, -49.30
 39.31, -50.14
 39.41, -50.54
 39.51, -50.76
 39.61, -50.51
 39.71, -50.56
 39.81, -50.15
 39.91, -50.18
 40.01, -49.96
 40.11, -49.71
 40.21, -49.40
 40.31, -49.27
 40.41, -48.93
 40.51, -48.89
 40.61, -49.22
 40.71, -49.00
 40.81, -49.38
 40.91, -49.58
 41.01, -49.38
 41.11, -49.25
 41.21, -49.33
 41.31, -49.06
 41.41, -48.56
 41.51, -48.08
 41.61, -47.32
 41.71, -46.20
 41.81, -45.51
 41.91, -44.70
 42.01, -44.22
 42.11, -43.77
 42.21, -43.60
 42.31, -43.54
 42.41, -43.59
 42.51, -43.83
 42.61, -43.90
 42.71, -44.20
 42.81, -44.75
 42.91, -45.12
 43.01, -46.07
 43.11, -47.08
 43.21, -48.20
 43.31, -50.08
 43.41, -52.14
 43.51, -53.72
 43.61, -52.75
 43.71, -51.36
 43.81, -50.04
 43.91, -49.01
 44.01, -48.14
 44.11, -48.20
 44.21, -48.86
 44.31, -49.92
 44.41, -51.52
 44.51, -54.95
 44.61, -60.09
 44.71, -66.13
 44.81, -57.24
 44.91, -52.37
 45.01, -49.73
 45.11, -47.65
 45.21, -46.67
 45.31, -45.72
 45.41, -45.38
 45.51, -45.24
 45.61, -45.25
 45.71, -45.60
 45.81, -46.11
 45.91, -46.76
 46.01, -47.18
 46.11, -47.58
 46.21, -47.83
 46.31, -48.78
 46.41, -49.56
 46.51, -50.36
 46.61, -51.92
 46.71, -54.48
 46.81, -57.47
 46.91, -61.95
 47.01, -68.09
 47.11, -63.18
 47.21, -58.72
 47.31, -55.73
 47.41, -53.84
 47.51, -52.77
 47.61, -52.31
 47.71, -52.10
 47.81, -51.72
 47.91, -51.65
 48.01, -51.66
 48.11, -51.51
 48.21, -51.59
 48.31, -51.81
 48.41, -52.17
 48.51, -52.99
 48.61, -54.24
 48.71, -55.99
 48.81, -58.52
 48.91, -61.34
 49.01, -60.94
 49.11, -58.50
 49.21, -56.11
 49.31, -54.14
 49.41, -53.54
 49.51, -52.51
 49.61, -51.44
 49.71, -50.66
 49.81, -49.88
 49.91, -48.90
 50.01, -48.77
 50.11, -48.85
 50.21, -50.18
 50.31, -52.48
 50.41, -56.53
 50.51, -61.44
 50.61, -55.76
 50.71, -51.56
 50.81, -48.93
 50.91, -47.05
 51.01, -45.98
 51.11, -45.71
 51.21, -45.80
 51.31, -46.39
 51.41, -47.35
 51.51, -49.01
 51.61, -50.23
 51.71, -51.82
 51.81, -52.70
 51.91, -53.54
 52.01, -53.52
 52.11, -54.51
 52.21, -56.18
 52.31, -58.57
 52.41, -59.32
 52.51, -55.32
 52.61, -51.36
 52.71, -48.80
 52.81, -46.99
 52.91, -46.30
 53.01, -45.64
 53.11, -45.75
 53.21, -46.10
 53.31, -47.11
 53.41, -47.86
 53.51, -48.96
 53.61, -49.63
 53.71, -49.19
 53.81, -48.41
 53.91, -47.47
 54.01, -46.47
 54.11, -45.76
 54.21, -45.22
 54.31, -44.96
 54.41, -45.04
 54.51, -45.22
 54.61, -45.55
 54.71, -46.11
 54.81, -46.55
 54.91, -47.33
 55.01, -47.88
 55.11, -48.46
 55.21, -49.25
 55.31, -50.04
 55.41, -51.08
 55.51, -52.30
 55.61, -52.92
 55.71, -53.27
 55.81, -53.13
 55.91, -53.13
 56.01, -52.62
 56.11, -51.98
 56.21, -51.14
 56.31, -50.05
 56.41, -49.21
 56.51, -48.69
 56.61, -48.45
 56.71, -48.33
 56.81, -48.45
 56.91, -49.01
 57.01, -50.26
 57.11, -51.71
 57.21, -53.59
 57.31, -54.61
 57.41, -54.22
 57.51, -53.29
 57.61, -51.94
 57.71, -50.69
 57.81, -50.05
 57.91, -49.15
 58.01, -48.36
 58.11, -47.93
 58.21, -47.45
 58.31, -47.22
 58.41, -47.06
 58.51, -47.51
 58.61, -48.07
 58.71, -48.98
 58.81, -50.49
 58.91, -54.29
 59.01, -59.56
 59.11, -62.41
 59.21, -57.77
 59.31, -54.03
 59.41, -51.90
 59.51, -51.38
 59.61, -51.37
 59.71, -52.38
 59.81, -53.82
 59.91, -54.55
 60.01, -54.90
 60.11, -54.52
 60.21, -53.79
 60.31, -53.38
 60.41, -53.49
 60.51, -53.69
 60.61, -53.98
 60.71, -54.40
 60.81, -54.89
 60.91, -55.77
 61.01, -56.30
 61.11, -56.96
 61.21, -58.42
 61.31, -59.66
 61.41, -61.53
 61.51, -68.79
 61.61, -63.08
 61.71, -56.74
 61.81, -52.64
 61.91, -50.26
 62.01, -48.67
 62.11, -47.80
 62.21, -47.79
 62.31, -48.08
 62.41, -49.15
 62.51, -50.65
 62.61, -52.78
 62.71, -56.15
 62.81, -59.33
 62.91, -58.37
 63.01, -55.46
 63.11, -53.77
 63.21, -53.15
 63.31, -53.66
 63.41, -55.56
 63.51, -57.37
 63.61, -57.51
 63.71, -56.80
 63.81, -55.49
 63.91, -54.42
 64.01, -53.80
 64.11, -54.13
 64.21, -54.05
 64.31, -54.77
 64.41, -55.76
 64.51, -55.64
 64.61, -55.43
 64.71, -54.11
 64.81, -53.14
 64.91, -52.35
 65.01, -52.13
 65.11, -51.94
 65.21, -52.68
 65.31, -53.79
 65.41, -54.81
 65.51, -55.87
 65.61, -55.85
 65.71, -55.21
 65.81, -53.89
 65.91, -52.83
 66.01, -51.75
 66.11, -50.57
 66.21, -49.98
 66.31, -49.29
 66.41, -49.22
 66.51, -49.24
 66.61, -49.16
 66.71, -48.48
 66.81, -48.11
 66.91, -47.82
 67.01, -47.26
 67.11, -46.99
 67.21, -46.69
 67.31, -46.25
 67.41, -45.78
 67.51, -45.43
 67.61, -45.13
 67.71, -45.03
 67.81, -45.19
 67.91, -45.46
 68.01, -46.00
 68.11, -46.78
 68.21, -47.87
 68.31, -48.66
 68.41, -49.22
 68.51, -49.97
 68.61, -50.72
 68.71, -52.92
 68.81, -56.15
 68.91, -62.68
 69.01, -65.90
 69.11, -56.90
 69.21, -52.35
 69.31, -49.29
 69.41, -47.57
 69.51, -46.35
 69.61, -45.79
 69.71, -45.79
 69.81, -46.46
 69.91, -47.28
 70.01, -48.29
 70.11, -48.85
 70.21, -49.44
 70.31, -49.66
 70.41, -49.90
 70.51, -50.43
 70.61, -51.20
 70.71, -52.06
 70.81, -52.54
 70.91, -53.12
 71.01, -53.88
 71.11, -53.48
 71.21, -53.24
 71.31, -52.96
 71.41, -52.25
 71.51, -52.30
 71.61, -52.21
 71.71, -52.66
 71.81, -53.91
 71.91, -54.40
 72.01, -56.69
 72.11, -58.48
 72.21, -59.82
 72.31, -60.58
 72.41, -61.79
 72.51, -64.27
 72.61, -66.41
 72.71, -66.42
 72.81, -63.86
 72.91, -61.42
 73.01, -58.54
 73.11, -55.99
 73.21, -55.48
 73.31, -54.92
 73.41, -55.75
 73.51, -55.85
 73.61, -57.16
 73.71, -57.81
 73.81, -59.69
 73.91, -57.90
 74.01, -56.70
 74.11, -55.21
 74.21, -54.18
 74.31, -53.33
 74.41, -52.88
 74.51, -53.13
 74.61, -53.26
 74.71, -53.13
 74.81, -52.34
 74.91, -50.92
 75.01, -49.87
 75.11, -49.01
 75.21, -48.99
 75.31, -49.00
 75.41, -49.10
 75.51, -48.00
 75.61, -47.37
 75.71, -46.68
 75.81, -45.96
 75.91, -45.67
 76.01, -45.55
 76.11, -45.64
 76.21, -45.87
 76.31, -45.98
 76.41, -46.36
 76.51, -46.46
 76.61, -46.76
 76.71, -46.90
 76.81, -47.29
 76.91, -47.42
 77.01, -48.30
 77.11, -49.19
 77.21, -50.49
 77.31, -51.60
 77.41, -52.63
 77.51, -53.75
 77.61, -53.36
 77.71, -52.68
 77.81, -51.72
 77.91, -51.58
 78.01, -51.18
 78.11, -50.60
 78.21, -49.60
 78.31, -48.40
 78.41, -47.32
 78.51, -46.00
 78.61, -45.28
 78.71, -44.71
 78.81, -44.67
 78.91, -44.46
 79.01, -44.53
 79.11, -44.91
 79.21, -45.22
 79.31, -45.95
 79.41, -46.95
 79.51, -48.32
 79.61, -49.60
 79.71, -51.38
 79.81, -52.32
 79.91, -53.02
 80.01, -53.28
 80.11, -52.64
 80.21, -52.36
 80.31, -51.33
 80.41, -50.45
 80.51, -49.39
 80.61, -47.91
 80.71, -46.43
 80.81, -45.37
 80.91, -44.58
 81.01, -44.19
 81.11, -44.33
 81.21, -44.30
 81.31, -44.60
 81.41, -45.26
 81.51, -46.59
 81.61, -47.72
 81.71, -49.33
 81.81, -50.48
 81.91, -50.93
 82.01, -51.27
 82.11, -50.80
 82.21, -50.25
 82.31, -49.64
 82.41, -48.74
 82.51, -48.42
 82.61, -47.96
 82.71, -47.34
 82.81, -47.16
 82.91, -47.57
 83.01, -48.61
 83.11, -49.80
 83.21, -50.97
 83.31, -53.34
 83.41, -55.79
 83.51, -60.59
 83.61, -67.59
 83.71, -65.26
 83.81, -58.06
 83.91, -55.69
 84.01, -54.24
 84.11, -53.05
 84.21, -52.85
 84.31, -52.43
 84.41, -51.67
 84.51, -51.49
 84.61, -51.13
 84.71, -52.14
 84.81, -52.48
 84.91, -53.66
 85.01, -54.16
 85.11, -54.69
 85.21, -53.32
 85.31, -51.86
 85.41, -50.19
 85.51, -48.63
 85.61, -46.80
 85.71, -45.85
 85.81, -44.83
 85.91, -44.31
 86.01, -43.80
 86.11, -43.57
 86.21, -43.72
 86.31, -43.90
 86.41, -44.27
 86.51, -44.21
 86.61, -44.18
 86.71, -43.90
 86.81, -43.57
 86.91, -43.49
 87.01, -43.60
 87.11, -43.46
 87.21, -43.76
 87.31, -43.70
 87.41, -43.72
 87.51, -43.56
 87.61, -43.39
 87.71, -43.28
 87.81, -43.08
 87.91, -42.75
 88.01, -42.39
 88.11, -42.19
 88.21, -42.09
 88.31, -42.25
 88.41, -42.61
 88.51, -43.38
 88.61, -44.33
 88.71, -44.84
 88.81, -45.06
 88.91, -45.15
 89.01, -44.89
 89.11, -44.57
 89.21, -44.28
 89.31, -43.72
 89.41, -43.50
 89.51, -43.54
 89.61, -43.88
 89.71, -44.15
 89.81, -44.83
 89.91, -46.01
 90.01, -46.71
# CRC:
4B1D9EDB
